layer,matrix,record,strategy,variant,eig_imag_max,eig_max,eig_min,erank,fro,n_sv_gt_0.01,n_sv_gt_0.5,quota,quota_a,quota_b,rel_fro,sym_err,top10_align,top32_align,trace
5,C_success,diagnostic,global_a0.1,V0,0,0.984179,3.31031e-06,45.3128,5.13926,70,35,0.0314694,,,,0,,,32.2246
5,C_failure,diagnostic,global_a0.1,V0,0,0.984175,3.85548e-06,45.8552,5.1403,72,35,0.0315595,,,,0,,,32.317
5,C_contrastive,diagnostic,global_a0.1,V0,0,0.333645,3.31031e-06,71.3655,0.932334,70,0,0.00639752,,,,0.0762459,,,6.55106
5,C_success,diagnostic,global_a0.1,V1,0,0.983713,9.67996e-08,39.2737,2.81788,49,8,0.0159064,,,,0,,,16.2881
5,C_failure,diagnostic,global_a0.1,V1,0,0.983676,2.73109e-07,40.2146,2.83783,51,8,0.0162329,,,,2.2662e-13,,,16.6225
5,C_contrastive,diagnostic,global_a0.1,V1,0,0.383404,9.67965e-08,42.7007,1.78439,49,0,0.0105832,,,,0.0463657,,,10.8372
5,C_success,diagnostic,global_a0.1,V2,0,0.838156,9.67832e-08,39.1569,2.68192,49,7,0.0151753,,,,0,,,15.5396
5,C_failure,diagnostic,global_a0.1,V2,0,0.845511,2.72898e-07,40.0925,2.70412,51,7,0.0155055,,,,0,,,15.8777
5,C_contrastive,diagnostic,global_a0.1,V2,0,0.383483,9.67868e-08,42.6776,1.77928,49,0,0.0105676,,,,0.0417427,,,10.8212
5,C_success,diagnostic,global_a0.1,V3,0,0.838156,9.67832e-08,39.1569,2.68192,49,7,0.0151753,,,,0,,,15.5396
5,C_failure,diagnostic,global_a0.1,V3,0,0.845511,2.72898e-07,40.0925,2.70412,51,7,0.0155055,,,,0,,,15.8777
5,C_contrastive,diagnostic,global_a0.1,V3,0,0.382937,9.67784e-08,42.6982,1.77704,49,0,0.0105616,,,,1.98932e-09,,,10.8151
5,C_success,V1_vs_V0,global_a0.1,V1|V0,,,,,,,,,0.0159064,0.0314694,0.52997,,0.556635,0.920342,
5,C_failure,V1_vs_V0,global_a0.1,V1|V0,,,,,,,,,0.0162329,0.0315595,0.518223,,0.521329,0.923496,
5,C_contrastive,V1_vs_V0,global_a0.1,V1|V0,,,,,,,,,0.0105832,0.00639752,1.23083,,0.156446,0.858822,
5,C_success,V2_vs_V1,global_a0.1,V2|V1,,,,,,,,,0.0151753,0.0159064,0.265646,,0.900093,0.968667,
5,C_failure,V2_vs_V1,global_a0.1,V2|V1,,,,,,,,,0.0155055,0.0162329,0.262454,,0.899872,0.968732,
5,C_contrastive,V2_vs_V1,global_a0.1,V2|V1,,,,,,,,,0.0105676,0.0105832,0.121792,,0.994934,0.980161,
5,C_success,V3_vs_V2,global_a0.1,V3|V2,,,,,,,,,0.0151753,0.0151753,1.87339e-15,,1,1,
5,C_failure,V3_vs_V2,global_a0.1,V3|V2,,,,,,,,,0.0155055,0.0155055,1.48714e-14,,1,1,
5,C_contrastive,V3_vs_V2,global_a0.1,V3|V2,,,,,,,,,0.0105616,0.0105676,0.0266924,,0.998979,0.999441,
5,C_success,V0_vs_V3,global_a0.1,V0|V3,,,,,,,,,0.0314694,0.0151753,1.05398,,0.562976,0.93607,
5,C_failure,V0_vs_V3,global_a0.1,V0|V3,,,,,,,,,0.0315595,0.0155055,1.02373,,0.546047,0.934772,
5,C_contrastive,V0_vs_V3,global_a0.1,V0|V3,,,,,,,,,0.00639752,0.0105616,0.657291,,0.153452,0.839154,
5,C_success,diagnostic,global_a0.5,V0,0,0.999357,8.27511e-05,118.538,6.55834,230,46,0.0579459,,,,2.51645e-11,,,59.3366
5,C_failure,diagnostic,global_a0.5,V0,0,0.999357,9.63781e-05,123.27,6.5921,242,47,0.0591261,,,,6.43881e-12,,,60.5451
5,C_contrastive,diagnostic,global_a0.5,V0,0,0.351123,8.27507e-05,179.962,1.80731,198,0,0.0184951,,,,0.0847252,,,18.939
5,C_success,diagnostic,global_a0.5,V1,0,0.999338,2.42012e-06,71.7506,5.83643,131,39,0.0424179,,,,3.52605e-12,,,43.436
5,C_failure,diagnostic,global_a0.5,V1,0,0.999337,6.82755e-06,75.9509,5.87096,141,39,0.0433804,,,,5.47704e-14,,,44.4216
5,C_contrastive,diagnostic,global_a0.5,V1,0,0.346042,2.42011e-06,114.267,1.28398,129,0,0.0103813,,,,0.146388,,,10.6305
5,C_success,diagnostic,global_a0.5,V2,0,0.992335,2.41949e-06,71.0975,5.77841,130,38,0.0417358,,,,1.43567e-11,,,42.7374
5,C_failure,diagnostic,global_a0.5,V2,0,0.992744,6.82212e-06,75.3288,5.81276,141,38,0.0426961,,,,3.5404e-12,,,43.7208
5,C_contrastive,diagnostic,global_a0.5,V2,0,0.346293,2.41948e-06,114.227,1.28126,129,0,0.0103514,,,,0.14505,,,10.5998
5,C_success,diagnostic,global_a0.5,V3,0,0.992335,2.41949e-06,71.0975,5.77841,130,38,0.0417358,,,,3.39646e-18,,,42.7374
5,C_failure,diagnostic,global_a0.5,V3,0,0.992744,6.82212e-06,75.3288,5.81276,141,38,0.0426961,,,,0,,,43.7208
5,C_contrastive,diagnostic,global_a0.5,V3,0,0.343103,2.41949e-06,114.339,1.26921,129,0,0.0103233,,,,5.12268e-10,,,10.571
5,C_success,V1_vs_V0,global_a0.5,V1|V0,,,,,,,,,0.0424179,0.0579459,0.280049,,0.556636,0.920342,
5,C_failure,V1_vs_V0,global_a0.5,V1|V0,,,,,,,,,0.0433804,0.0591261,0.283433,,0.521329,0.923496,
5,C_contrastive,V1_vs_V0,global_a0.5,V1|V0,,,,,,,,,0.0103813,0.0184951,0.6558,,0.4395,0.694698,
5,C_success,V2_vs_V1,global_a0.5,V2|V1,,,,,,,,,0.0417358,0.0424179,0.119688,,0.900093,0.968667,
5,C_failure,V2_vs_V1,global_a0.5,V2|V1,,,,,,,,,0.0426961,0.0433804,0.119362,,0.899872,0.968732,
5,C_contrastive,V2_vs_V1,global_a0.5,V2|V1,,,,,,,,,0.0103514,0.0103813,0.217881,,0.896627,0.973979,
5,C_success,V3_vs_V2,global_a0.5,V3|V2,,,,,,,,,0.0417358,0.0417358,3.11373e-11,,1,1,
5,C_failure,V3_vs_V2,global_a0.5,V3|V2,,,,,,,,,0.0426961,0.0426961,2.8776e-11,,1,1,
5,C_contrastive,V3_vs_V2,global_a0.5,V3|V2,,,,,,,,,0.0103233,0.0103514,0.101012,,0.997727,0.993368,
5,C_success,V0_vs_V3,global_a0.5,V0|V3,,,,,,,,,0.0579459,0.0417358,0.343024,,0.562976,0.93607,
5,C_failure,V0_vs_V3,global_a0.5,V0|V3,,,,,,,,,0.0591261,0.0426961,0.346051,,0.546047,0.934772,
5,C_contrastive,V0_vs_V3,global_a0.5,V0|V3,,,,,,,,,0.0184951,0.0103233,0.952309,,0.413163,0.686466,
5,C_success,diagnostic,global_a1.0,V0,0,0.999839,0.000330922,202.177,7.7588,400,71,0.0895375,,,,1.77939e-11,,,91.6864
5,C_failure,diagnostic,global_a1.0,V0,0,0.999839,0.000385401,211.557,7.83454,421,72,0.0922407,,,,6.13412e-11,,,94.4544
5,C_contrastive,diagnostic,global_a1.0,V0,0.000128538,0.395647,0.000159379,281.441,2.71459,365,0,0.0364038,,,,0.112529,,,37.2775
5,C_success,diagnostic,global_a1.0,V1,0,0.999834,9.68043e-06,111.705,6.66944,219,50,0.0589412,,,,6.17135e-12,,,60.3558
5,C_failure,diagnostic,global_a1.0,V1,0,0.999834,2.73097e-05,121.885,6.72828,241,51,0.0613769,,,,8.6512e-12,,,62.8499
5,C_contrastive,diagnostic,global_a1.0,V1,7.35419e-06,0.398237,9.68007e-06,156.164,1.92445,213,0,0.0183964,,,,0.154004,,,18.8379
5,C_success,diagnostic,global_a1.0,V2,0,0.998073,9.67791e-06,111.106,6.61613,219,49,0.0582108,,,,1.2539e-11,,,59.6079
5,C_failure,diagnostic,global_a1.0,V2,0,0.998176,2.7288e-05,121.341,6.67548,240,51,0.060652,,,,9.63391e-14,,,62.1076
5,C_contrastive,diagnostic,global_a1.0,V2,8.91654e-06,0.397915,9.67753e-06,156.278,1.91872,213,0,0.0183432,,,,0.153793,,,18.7834
5,C_success,diagnostic,global_a1.0,V3,0,0.998073,9.67791e-06,111.106,6.61613,219,49,0.0582108,,,,0,,,59.6079
5,C_failure,diagnostic,global_a1.0,V3,0,0.998176,2.7288e-05,121.341,6.67548,240,51,0.060652,,,,0,,,62.1076
5,C_contrastive,diagnostic,global_a1.0,V3,0,0.389175,9.67791e-06,156.079,1.89173,212,0,0.01825,,,,2.80528e-10,,,18.688
5,C_success,V1_vs_V0,global_a1.0,V1|V0,,,,,,,,,0.0589412,0.0895375,0.363069,,0.55663,0.920342,
5,C_failure,V1_vs_V0,global_a1.0,V1|V0,,,,,,,,,0.0613769,0.0922407,0.361284,,0.521327,0.923496,
5,C_contrastive,V1_vs_V0,global_a1.0,V1|V0,,,,,,,,,0.0183964,0.0364038,0.684678,,0.43943,0.447619,
5,C_success,V2_vs_V1,global_a1.0,V2|V1,,,,,,,,,0.0582108,0.0589412,0.112147,,0.900093,0.968667,
5,C_failure,V2_vs_V1,global_a1.0,V2|V1,,,,,,,,,0.060652,0.0613769,0.110326,,0.899872,0.968732,
5,C_contrastive,V2_vs_V1,global_a1.0,V2|V1,,,,,,,,,0.0183432,0.0183964,0.138575,,0.973172,0.963981,
5,C_success,V3_vs_V2,global_a1.0,V3|V2,,,,,,,,,0.0582108,0.0582108,5.1123e-11,,1,1,
5,C_failure,V3_vs_V2,global_a1.0,V3|V2,,,,,,,,,0.060652,0.060652,2.85177e-11,,1,1,
5,C_contrastive,V3_vs_V2,global_a1.0,V3|V2,,,,,,,,,0.01825,0.0183432,0.10688,,0.908605,0.994664,
5,C_success,V0_vs_V3,global_a1.0,V0|V3,,,,,,,,,0.0895375,0.0582108,0.441058,,0.562971,0.93607,
5,C_failure,V0_vs_V3,global_a1.0,V0|V3,,,,,,,,,0.0922407,0.060652,0.438839,,0.546045,0.934772,
5,C_contrastive,V0_vs_V3,global_a1.0,V0|V3,,,,,,,,,0.0364038,0.01825,0.9953,,0.406074,0.442555,
5,C_success,diagnostic,global_a2.0,V0,0,0.99996,0.00132238,327.629,9.79187,676,120,0.146539,,,,8.55102e-11,,,150.056
5,C_failure,diagnostic,global_a2.0,V0,0,0.99996,0.00153982,342.863,9.94161,711,124,0.152242,,,,9.97674e-11,,,155.895
5,C_contrastive,diagnostic,global_a2.0,V0,0.000220239,0.404052,4.01536e-05,444.127,3.58745,639,0,0.0627625,,,,0.13761,,,64.2688
5,C_success,diagnostic,global_a2.0,V1,0,0.999959,3.87205e-05,179.001,7.88748,354,74,0.0876964,,,,1.68756e-10,,,89.8011
5,C_failure,diagnostic,global_a2.0,V1,0,0.999959,0.00010923,199.084,8.04752,397,78,0.0935422,,,,8.28003e-11,,,95.7872
5,C_contrastive,diagnostic,global_a2.0,V1,0.00022583,0.403721,3.87059e-05,245.38,2.54695,324,0,0.0320247,,,,0.193202,,,32.7933
5,C_success,diagnostic,global_a2.0,V2,0,0.999517,3.87105e-05,178.581,7.8379,353,73,0.0869311,,,,9.68289e-11,,,89.0175
5,C_failure,diagnostic,global_a2.0,V2,0,0.999543,0.000109143,198.736,7.99939,397,77,0.0927865,,,,1.19461e-11,,,95.0134
5,C_contrastive,diagnostic,global_a2.0,V2,1.12549e-06,0.403731,3.8703e-05,245.425,2.54622,324,0,0.0320184,,,,0.19234,,,32.7869
5,C_success,diagnostic,global_a2.0,V3,0,0.999517,3.87105e-05,178.581,7.8379,353,73,0.0869311,,,,0,,,89.0175
5,C_failure,diagnostic,global_a2.0,V3,0,0.999543,0.000109143,198.736,7.99939,397,77,0.0927865,,,,0,,,95.0134
5,C_contrastive,diagnostic,global_a2.0,V3,0,0.39171,3.87105e-05,245.898,2.49112,320,0,0.0317534,,,,1.48097e-10,,,32.5155
5,C_success,V1_vs_V0,global_a2.0,V1|V0,,,,,,,,,0.0876964,0.146539,0.447043,,0.556649,0.920342,
5,C_failure,V1_vs_V0,global_a2.0,V1|V0,,,,,,,,,0.0935422,0.152242,0.435585,,0.52133,0.923495,
5,C_contrastive,V1_vs_V0,global_a2.0,V1|V0,,,,,,,,,0.0320247,0.0627625,0.677969,,0.415657,0.31906,
5,C_success,V2_vs_V1,global_a2.0,V2|V1,,,,,,,,,0.0869311,0.0876964,0.099359,,0.900093,0.968667,
5,C_failure,V2_vs_V1,global_a2.0,V2|V1,,,,,,,,,0.0927865,0.0935422,0.0961598,,0.899872,0.968732,
5,C_contrastive,V2_vs_V1,global_a2.0,V2|V1,,,,,,,,,0.0320184,0.0320247,0.0885545,,0.981406,0.991007,
5,C_success,V3_vs_V2,global_a2.0,V3|V2,,,,,,,,,0.0869311,0.0869311,1.12308e-10,,1,1,
5,C_failure,V3_vs_V2,global_a2.0,V3|V2,,,,,,,,,0.0927865,0.0927865,8.79057e-11,,1,1,
5,C_contrastive,V3_vs_V2,global_a2.0,V3|V2,,,,,,,,,0.0317534,0.0320184,0.134653,,0.971719,0.98294,
5,C_success,V0_vs_V3,global_a2.0,V0|V3,,,,,,,,,0.146539,0.0869311,0.567609,,0.563002,0.936071,
5,C_failure,V0_vs_V3,global_a2.0,V0|V3,,,,,,,,,0.152242,0.0927865,0.550158,,0.546047,0.934772,
5,C_contrastive,V0_vs_V3,global_a2.0,V0|V3,,,,,,,,,0.0627625,0.0317534,0.984282,,0.387569,0.309615,
5,C_success,diagnostic,global_a10.0,V0,0,0.999998,0.0320425,767.479,17.7865,1024,402,0.446481,,,,2.26179e-10,,,457.197
5,C_failure,diagnostic,global_a10.0,V0,0,0.999998,0.0371236,789.3,18.2093,1024,422,0.465689,,,,1.75428e-10,,,476.866
5,C_contrastive,diagnostic,global_a10.0,V0,0.000205796,0.451061,1.62531e-06,792.689,6.49545,951,0,0.16812,,,,0.14753,,,172.154
5,C_success,diagnostic,global_a10.0,V1,0,0.999998,0.000967114,463.049,13.2209,793,221,0.248984,,,,2.40104e-10,,,254.959
5,C_failure,diagnostic,global_a10.0,V1,0,0.999998,0.0027236,525.988,13.8358,911,242,0.277272,,,,2.86376e-10,,,283.927
5,C_contrastive,diagnostic,global_a10.0,V1,0.000431591,0.513052,1.65807e-06,523.362,5.0154,740,2,0.0975532,,,,0.299212,,,99.8945
5,C_success,diagnostic,global_a10.0,V2,0,0.999981,0.000966865,462.755,13.1939,793,220,0.248347,,,,1.37877e-10,,,254.307
5,C_failure,diagnostic,global_a10.0,V2,0,0.999982,0.00272145,525.777,13.8107,911,241,0.276665,,,,1.89289e-10,,,283.305
5,C_contrastive,diagnostic,global_a10.0,V2,0.000555396,0.514132,1.82373e-05,523.647,5.01781,740,2,0.0976296,,,,0.299362,,,99.9727
5,C_success,diagnostic,global_a10.0,V3,0,0.999981,0.000966865,462.755,13.1939,793,220,0.248347,,,,0,,,254.307
5,C_failure,diagnostic,global_a10.0,V3,0,0.999982,0.00272145,525.777,13.8107,911,241,0.276665,,,,0,,,283.305
5,C_contrastive,diagnostic,global_a10.0,V3,0,0.483314,1.82711e-05,531.327,4.74424,742,0,0.095193,,,,7.01637e-11,,,97.4776
5,C_success,V1_vs_V0,global_a10.0,V1|V0,,,,,,,,,0.248984,0.446481,0.499285,,0.556094,0.920339,
5,C_failure,V1_vs_V0,global_a10.0,V1|V0,,,,,,,,,0.277272,0.465689,0.460545,,0.521429,0.923453,
5,C_contrastive,V1_vs_V0,global_a10.0,V1|V0,,,,,,,,,0.0975532,0.16812,0.731242,,0.451475,0.38846,
5,C_success,V2_vs_V1,global_a10.0,V2|V1,,,,,,,,,0.248347,0.248984,0.0493121,,0.900098,0.968667,
5,C_failure,V2_vs_V1,global_a10.0,V2|V1,,,,,,,,,0.276665,0.277272,0.0449777,,0.899872,0.968731,
5,C_contrastive,V2_vs_V1,global_a10.0,V2|V1,,,,,,,,,0.0976296,0.0975532,0.0595932,,0.985853,0.993096,
5,C_success,V3_vs_V2,global_a10.0,V3|V2,,,,,,,,,0.248347,0.248347,3.80683e-10,,1,1,
5,C_failure,V3_vs_V2,global_a10.0,V3|V2,,,,,,,,,0.276665,0.276665,3.73019e-10,,1,1,
5,C_contrastive,V3_vs_V2,global_a10.0,V3|V2,,,,,,,,,0.095193,0.0976296,0.211059,,0.863433,0.92069,
5,C_success,V0_vs_V3,global_a10.0,V0|V3,,,,,,,,,0.446481,0.248347,0.675109,,0.562255,0.936069,
5,C_failure,V0_vs_V3,global_a10.0,V0|V3,,,,,,,,,0.465689,0.276665,0.609096,,0.54611,0.934765,
5,C_contrastive,V0_vs_V3,global_a10.0,V0|V3,,,,,,,,,0.16812,0.095193,0.994573,,0.359273,0.344832,
5,C_success,diagnostic,per_step_0_a1.0,V0,0,0.99979,0.000129111,153.994,6.74456,339,50,0.0659089,,,,5.59388e-11,,,67.4907
5,C_failure,diagnostic,per_step_0_a1.0,V0,0,0.999786,0.000182585,163.877,6.82137,360,52,0.0686055,,,,4.02248e-11,,,70.252
5,C_contrastive,diagnostic,per_step_0_a1.0,V0,0.000117227,0.404645,0.000129101,228.693,2.25623,305,0,0.0255444,,,,0.150434,,,26.1574
5,C_success,diagnostic,per_step_0_a1.0,V1,0,0.999773,-6.34047e-09,70.6361,6.08019,146,38,0.0434727,,,,2.70908e-11,,,44.516
5,C_failure,diagnostic,per_step_0_a1.0,V1,0,0.999768,-1.77459e-09,80.5383,6.14079,162,39,0.0459423,,,,1.34448e-11,,,47.045
5,C_contrastive,diagnostic,per_step_0_a1.0,V1,7.24546e-10,0.410496,-6.24363e-09,107.52,1.1794,129,0,0.00865621,,,,0.300534,,,8.86396
5,C_success,diagnostic,per_step_0_a1.0,V2,0,0.995583,-6.10162e-09,69.9807,6.00247,145,37,0.0425877,,,,1.71426e-12,,,43.6098
5,C_failure,diagnostic,per_step_0_a1.0,V2,0,0.995304,-1.80264e-09,79.9673,6.06503,161,38,0.0450757,,,,6.99515e-12,,,46.1575
5,C_contrastive,diagnostic,per_step_0_a1.0,V2,3.82639e-06,0.40962,-6.04882e-09,107.213,1.18371,130,0,0.00869498,,,,0.298913,,,8.90366
5,C_success,diagnostic,per_step_0_a1.0,V3,0,0.995583,-6.10154e-09,69.9807,6.00247,145,37,0.0425877,,,,0,,,43.6098
5,C_failure,diagnostic,per_step_0_a1.0,V3,0,0.995304,-1.8027e-09,79.9673,6.06503,161,38,0.0450757,,,,0,,,46.1575
5,C_contrastive,diagnostic,per_step_0_a1.0,V3,5.39438e-07,0.384737,-8.95344e-10,109.094,1.10672,116,0,0.00851274,,,,0.0545975,,,8.71705
5,C_success,V1_vs_V0,per_step_0_a1.0,V1|V0,,,,,,,,,0.0434727,0.0659089,0.353483,,0.609456,0.967249,
5,C_failure,V1_vs_V0,per_step_0_a1.0,V1|V0,,,,,,,,,0.0459423,0.0686055,0.351973,,0.610017,0.967807,
5,C_contrastive,V1_vs_V0,per_step_0_a1.0,V1|V0,,,,,,,,,0.00865621,0.0255444,0.705375,,0.337011,0.56647,
5,C_success,V2_vs_V1,per_step_0_a1.0,V2|V1,,,,,,,,,0.0425877,0.0434727,0.149042,,0.900305,0.968704,
5,C_failure,V2_vs_V1,per_step_0_a1.0,V2|V1,,,,,,,,,0.0450757,0.0459423,0.144516,,0.899625,0.96868,
5,C_contrastive,V2_vs_V1,per_step_0_a1.0,V2|V1,,,,,,,,,0.00869498,0.00865621,0.131055,,0.981356,0.98433,
5,C_success,V3_vs_V2,per_step_0_a1.0,V3|V2,,,,,,,,,0.0425877,0.0425877,1.38809e-11,,1,1,
5,C_failure,V3_vs_V2,per_step_0_a1.0,V3|V2,,,,,,,,,0.0450757,0.0450757,4.98061e-12,,1,1,
5,C_contrastive,V3_vs_V2,per_step_0_a1.0,V3|V2,,,,,,,,,0.00851274,0.00869498,0.292388,,0.891438,0.982555,
5,C_success,V0_vs_V3,per_step_0_a1.0,V0|V3,,,,,,,,,0.0659089,0.0425877,0.425754,,0.536611,0.964948,
5,C_failure,V0_vs_V3,per_step_0_a1.0,V0|V3,,,,,,,,,0.0686055,0.0450757,0.422837,,0.540845,0.96649,
5,C_contrastive,V0_vs_V3,per_step_0_a1.0,V0|V3,,,,,,,,,0.0255444,0.00851274,1.47047,,0.320015,0.55484,
5,C_success,diagnostic,per_step_1_a1.0,V0,0,0.999723,0.000174097,166.762,7.18087,346,60,0.0749079,,,,1.00104e-10,,,76.7056
5,C_failure,diagnostic,per_step_1_a1.0,V0,0,0.999718,0.000235042,177.163,7.29668,370,63,0.0782545,,,,4.95986e-11,,,80.1326
5,C_contrastive,diagnostic,per_step_1_a1.0,V0,0.000304596,0.41482,0.000174088,234.118,2.46388,312,0,0.0291588,,,,0.149117,,,29.8586
5,C_success,diagnostic,per_step_1_a1.0,V1,0,0.9997,-6.31793e-09,70.7331,6.03865,153,38,0.0430066,,,,1.70398e-12,,,44.0387
5,C_failure,diagnostic,per_step_1_a1.0,V1,0,0.999692,-2.00969e-09,81.9194,6.09441,172,39,0.0455577,,,,6.75445e-12,,,46.6511
5,C_contrastive,diagnostic,per_step_1_a1.0,V1,4.89611e-10,0.415415,-6.26916e-09,114.745,1.15413,143,0,0.00859338,,,,0.295094,,,8.79962
5,C_success,diagnostic,per_step_1_a1.0,V2,0,0.994495,-6.13292e-09,70.0507,5.96109,152,37,0.0421164,,,,2.84685e-11,,,43.1272
5,C_failure,diagnostic,per_step_1_a1.0,V2,0,0.994037,-1.73167e-09,81.3293,6.0185,172,38,0.0446813,,,,1.22335e-10,,,45.7537
5,C_contrastive,diagnostic,per_step_1_a1.0,V2,2.54883e-05,0.414245,-6.1064e-09,114.337,1.15758,143,0,0.00861816,,,,0.292144,,,8.825
5,C_success,diagnostic,per_step_1_a1.0,V3,0,0.994495,-6.13293e-09,70.0507,5.96109,152,37,0.0421164,,,,0,,,43.1272
5,C_failure,diagnostic,per_step_1_a1.0,V3,0,0.994037,-1.73168e-09,81.3293,6.0185,172,38,0.0446813,,,,0,,,45.7537
5,C_contrastive,diagnostic,per_step_1_a1.0,V3,8.36379e-06,0.391118,-8.92294e-10,112.697,1.12921,132,0,0.00860653,,,,0.102243,,,8.81309
5,C_success,V1_vs_V0,per_step_1_a1.0,V1|V0,,,,,,,,,0.0430066,0.0749079,0.485499,,0.60009,0.955998,
5,C_failure,V1_vs_V0,per_step_1_a1.0,V1|V0,,,,,,,,,0.0455577,0.0782545,0.485995,,0.615758,0.955232,
5,C_contrastive,V1_vs_V0,per_step_1_a1.0,V1|V0,,,,,,,,,0.00859338,0.0291588,0.786116,,0.313355,0.454075,
5,C_success,V2_vs_V1,per_step_1_a1.0,V2|V1,,,,,,,,,0.0421164,0.0430066,0.150947,,0.900186,0.968959,
5,C_failure,V2_vs_V1,per_step_1_a1.0,V2|V1,,,,,,,,,0.0446813,0.0455577,0.14726,,0.89994,0.968883,
5,C_contrastive,V2_vs_V1,per_step_1_a1.0,V2|V1,,,,,,,,,0.00861816,0.00859338,0.122868,,0.986039,0.991346,
5,C_success,V3_vs_V2,per_step_1_a1.0,V3|V2,,,,,,,,,0.0421164,0.0421164,2.4716e-11,,1,1,
5,C_failure,V3_vs_V2,per_step_1_a1.0,V3|V2,,,,,,,,,0.0446813,0.0446813,9.11164e-11,,1,1,
5,C_contrastive,V3_vs_V2,per_step_1_a1.0,V3|V2,,,,,,,,,0.00860653,0.00861816,0.257008,,0.963441,0.985695,
5,C_success,V0_vs_V3,per_step_1_a1.0,V0|V3,,,,,,,,,0.0749079,0.0421164,0.605072,,0.528817,0.954041,
5,C_failure,V0_vs_V3,per_step_1_a1.0,V0|V3,,,,,,,,,0.0782545,0.0446813,0.608268,,0.533098,0.953987,
5,C_contrastive,V0_vs_V3,per_step_1_a1.0,V0|V3,,,,,,,,,0.0291588,0.00860653,1.73073,,0.304006,0.444718,
5,C_success,diagnostic,per_step_2_a1.0,V0,0,0.999742,0.000154552,163.353,7.33731,339,61,0.076059,,,,4.79301e-11,,,77.8844
5,C_failure,diagnostic,per_step_2_a1.0,V0,0,0.999739,0.000214753,173.26,7.43116,361,61,0.0790046,,,,3.42096e-11,,,80.9007
5,C_contrastive,diagnostic,per_step_2_a1.0,V0,0.000382312,0.411134,0.000154541,237.641,2.31763,305,0,0.0275979,,,,0.156125,,,28.2603
5,C_success,diagnostic,per_step_2_a1.0,V1,0,0.999725,-6.51516e-09,71.8315,6.04681,156,39,0.0434113,,,,2.74397e-11,,,44.4532
5,C_failure,diagnostic,per_step_2_a1.0,V1,0,0.99972,-1.86356e-09,82.4904,6.09936,176,40,0.0457641,,,,1.88928e-12,,,46.8625
5,C_contrastive,diagnostic,per_step_2_a1.0,V1,2.50789e-06,0.416293,-6.57752e-09,116.074,1.18765,150,0,0.00890793,,,,0.272577,,,9.12172
5,C_success,diagnostic,per_step_2_a1.0,V2,0,0.994332,-6.69435e-09,71.1449,5.97036,155,38,0.042525,,,,5.55177e-14,,,43.5456
5,C_failure,diagnostic,per_step_2_a1.0,V2,0,0.993805,-2.07025e-09,81.8862,6.02443,175,39,0.0448883,,,,0,,,45.9656
5,C_contrastive,diagnostic,per_step_2_a1.0,V2,2.72941e-10,0.416391,-6.70291e-09,115.644,1.19077,150,0,0.00892431,,,,0.269145,,,9.13849
5,C_success,diagnostic,per_step_2_a1.0,V3,0,0.994332,-6.69435e-09,71.1449,5.97036,155,38,0.042525,,,,0,,,43.5456
5,C_failure,diagnostic,per_step_2_a1.0,V3,0,0.993805,-2.07013e-09,81.8862,6.02443,175,39,0.0448883,,,,0,,,45.9656
5,C_contrastive,diagnostic,per_step_2_a1.0,V3,0.000234021,0.504663,-9.75952e-10,111.059,1.21769,141,1,0.00906036,,,,0.123217,,,9.27781
5,C_success,V1_vs_V0,per_step_2_a1.0,V1|V0,,,,,,,,,0.0434113,0.076059,0.511969,,0.591327,0.943762,
5,C_failure,V1_vs_V0,per_step_2_a1.0,V1|V0,,,,,,,,,0.0457641,0.0790045,0.509578,,0.617227,0.942049,
5,C_contrastive,V1_vs_V0,per_step_2_a1.0,V1|V0,,,,,,,,,0.00890793,0.0275979,0.779655,,0.395506,0.426,
5,C_success,V2_vs_V1,per_step_2_a1.0,V2|V1,,,,,,,,,0.042525,0.0434113,0.150092,,0.899665,0.968781,
5,C_failure,V2_vs_V1,per_step_2_a1.0,V2|V1,,,,,,,,,0.0448883,0.0457641,0.147046,,0.899944,0.969159,
5,C_contrastive,V2_vs_V1,per_step_2_a1.0,V2|V1,,,,,,,,,0.00892431,0.00890793,0.104272,,0.920722,0.988572,
5,C_success,V3_vs_V2,per_step_2_a1.0,V3|V2,,,,,,,,,0.042525,0.042525,3.4539e-12,,1,1,
5,C_failure,V3_vs_V2,per_step_2_a1.0,V3|V2,,,,,,,,,0.0448883,0.0448883,1.43258e-11,,1,1,
5,C_contrastive,V3_vs_V2,per_step_2_a1.0,V3|V2,,,,,,,,,0.00906036,0.00892431,0.267638,,0.906256,0.956847,
5,C_success,V0_vs_V3,per_step_2_a1.0,V0|V3,,,,,,,,,0.076059,0.042525,0.647853,,0.523249,0.941439,
5,C_failure,V0_vs_V3,per_step_2_a1.0,V0|V3,,,,,,,,,0.0790045,0.0448883,0.64645,,0.532705,0.940781,
5,C_contrastive,V0_vs_V3,per_step_2_a1.0,V0|V3,,,,,,,,,0.0275979,0.00906036,1.5002,,0.382022,0.422693,
5,C_success,diagnostic,per_step_3_a1.0,V0,0,0.999778,0.000102684,156.233,7.30762,322,61,0.0742331,,,,4.6643e-11,,,76.0146
5,C_failure,diagnostic,per_step_3_a1.0,V0,0,0.999777,0.000137528,165.322,7.38761,341,61,0.0768363,,,,2.49264e-11,,,78.6804
5,C_contrastive,diagnostic,per_step_3_a1.0,V0,7.48316e-08,0.40037,0.000102681,231.084,2.19507,289,0,0.0258054,,,,0.155182,,,26.4248
5,C_success,diagnostic,per_step_3_a1.0,V1,0,0.999767,-7.49082e-09,70.1585,6.04788,152,40,0.0431522,,,,5.4446e-11,,,44.1879
5,C_failure,diagnostic,per_step_3_a1.0,V1,0,0.999764,-2.06951e-09,79.7479,6.09563,171,39,0.0452522,,,,1.51925e-11,,,46.3383
5,C_contrastive,diagnostic,per_step_3_a1.0,V1,6.31671e-10,0.406404,-7.39443e-09,113.04,1.16864,146,0,0.00856344,,,,0.26037,,,8.76896
5,C_success,diagnostic,per_step_3_a1.0,V2,0,0.995498,-7.29647e-09,69.4568,5.97306,152,39,0.0422767,,,,1.78953e-12,,,43.2914
5,C_failure,diagnostic,per_step_3_a1.0,V2,0,0.995014,-2.09436e-09,79.1159,6.02204,170,38,0.0443842,,,,6.67459e-15,,,45.4494
5,C_contrastive,diagnostic,per_step_3_a1.0,V2,3.37433e-06,0.40653,-7.36352e-09,112.64,1.171,146,0,0.00857026,,,,0.257216,,,8.77595
5,C_success,diagnostic,per_step_3_a1.0,V3,0,0.995498,-7.29647e-09,69.4568,5.97306,152,39,0.0422767,,,,0,,,43.2914
5,C_failure,diagnostic,per_step_3_a1.0,V3,0,0.995014,-2.09432e-09,79.1159,6.02204,170,38,0.0443842,,,,0,,,45.4494
5,C_contrastive,diagnostic,per_step_3_a1.0,V3,6.9076e-10,0.47797,-9.69082e-10,109.159,1.18122,143,0,0.00864176,,,,0.125417,,,8.84916
5,C_success,V1_vs_V0,per_step_3_a1.0,V1|V0,,,,,,,,,0.0431522,0.0742331,0.508713,,0.562597,0.939313,
5,C_failure,V1_vs_V0,per_step_3_a1.0,V1|V0,,,,,,,,,0.0452522,0.0768363,0.506783,,0.600238,0.937628,
5,C_contrastive,V1_vs_V0,per_step_3_a1.0,V1|V0,,,,,,,,,0.00856344,0.0258054,0.783575,,0.421461,0.415888,
5,C_success,V2_vs_V1,per_step_3_a1.0,V2|V1,,,,,,,,,0.0422767,0.0431522,0.148234,,0.89953,0.96839,
5,C_failure,V2_vs_V1,per_step_3_a1.0,V2|V1,,,,,,,,,0.0443842,0.0452522,0.145826,,0.899834,0.969125,
5,C_contrastive,V2_vs_V1,per_step_3_a1.0,V2|V1,,,,,,,,,0.00857026,0.00856344,0.100732,,0.970375,0.964687,
5,C_success,V3_vs_V2,per_step_3_a1.0,V3|V2,,,,,,,,,0.0422767,0.0422767,1.28485e-12,,1,1,
5,C_failure,V3_vs_V2,per_step_3_a1.0,V3|V2,,,,,,,,,0.0443842,0.0443842,7.83677e-12,,1,1,
5,C_contrastive,V3_vs_V2,per_step_3_a1.0,V3|V2,,,,,,,,,0.00864176,0.00857026,0.266453,,0.896531,0.960184,
5,C_success,V0_vs_V3,per_step_3_a1.0,V0|V3,,,,,,,,,0.0742331,0.0422767,0.640937,,0.502797,0.936831,
5,C_failure,V0_vs_V3,per_step_3_a1.0,V0|V3,,,,,,,,,0.0768363,0.0443842,0.639607,,0.519738,0.936256,
5,C_contrastive,V0_vs_V3,per_step_3_a1.0,V0|V3,,,,,,,,,0.0258054,0.00864176,1.47061,,0.405623,0.415864,
5,C_success,diagnostic,per_step_4_a1.0,V0,0,0.999816,7.39518e-05,148.933,7.2753,307,61,0.0722806,,,,4.80153e-11,,,74.0154
5,C_failure,diagnostic,per_step_4_a1.0,V0,0,0.999816,0.000103987,157.254,7.34507,326,62,0.0746011,,,,5.15916e-11,,,76.3915
5,C_contrastive,diagnostic,per_step_4_a1.0,V0,0,0.391205,7.39496e-05,225.659,2.06112,273,0,0.0238939,,,,0.156966,,,24.4674
5,C_success,diagnostic,per_step_4_a1.0,V1,0,0.99981,-7.73139e-09,68.3188,6.04342,149,40,0.0427632,,,,4.90777e-13,,,43.7895
5,C_failure,diagnostic,per_step_4_a1.0,V1,0,0.999809,-1.84592e-09,77.0295,6.08811,167,40,0.0446797,,,,2.7266e-11,,,45.752
5,C_contrastive,diagnostic,per_step_4_a1.0,V1,6.2586e-10,0.397136,-7.81281e-09,110.924,1.12738,143,0,0.00813045,,,,0.253727,,,8.32558
5,C_success,diagnostic,per_step_4_a1.0,V2,0,0.996795,-7.41949e-09,67.5988,5.97042,148,39,0.0418998,,,,2.76434e-11,,,42.9054
5,C_failure,diagnostic,per_step_4_a1.0,V2,0,0.996338,-1.83226e-09,76.3766,6.01614,166,39,0.0438235,,,,3.42241e-12,,,44.8752
5,C_contrastive,diagnostic,per_step_4_a1.0,V2,2.1199e-10,0.397282,-7.48004e-09,110.602,1.12851,143,0,0.00812486,,,,0.25114,,,8.31986
5,C_success,diagnostic,per_step_4_a1.0,V3,0,0.996795,-7.41953e-09,67.5988,5.97042,148,39,0.0418998,,,,0,,,42.9054
5,C_failure,diagnostic,per_step_4_a1.0,V3,0,0.996338,-1.83221e-09,76.3766,6.01614,166,39,0.0438235,,,,0,,,44.8752
5,C_contrastive,diagnostic,per_step_4_a1.0,V3,0.00387943,0.371982,-9.18062e-10,111.569,1.07062,143,0,0.00799297,,,,0.0695384,,,8.1848
5,C_success,V1_vs_V0,per_step_4_a1.0,V1|V0,,,,,,,,,0.0427632,0.0722806,0.506236,,0.580665,0.937232,
5,C_failure,V1_vs_V0,per_step_4_a1.0,V1|V0,,,,,,,,,0.0446797,0.0746011,0.504284,,0.544452,0.935338,
5,C_contrastive,V1_vs_V0,per_step_4_a1.0,V1|V0,,,,,,,,,0.00813045,0.0238939,0.783021,,0.449244,0.389885,
5,C_success,V2_vs_V1,per_step_4_a1.0,V2|V1,,,,,,,,,0.0418998,0.0427632,0.146289,,0.899668,0.968333,
5,C_failure,V2_vs_V1,per_step_4_a1.0,V2|V1,,,,,,,,,0.0438235,0.0446797,0.144012,,0.899896,0.968922,
5,C_contrastive,V2_vs_V1,per_step_4_a1.0,V2|V1,,,,,,,,,0.00812486,0.00813045,0.10484,,0.988876,0.962082,
5,C_success,V3_vs_V2,per_step_4_a1.0,V3|V2,,,,,,,,,0.0418998,0.0418998,2.19543e-11,,1,1,
5,C_failure,V3_vs_V2,per_step_4_a1.0,V3|V2,,,,,,,,,0.0438235,0.0438235,8.307e-12,,1,1,
5,C_contrastive,V3_vs_V2,per_step_4_a1.0,V3|V2,,,,,,,,,0.00799297,0.00812486,0.256489,,0.954206,0.981105,
5,C_success,V0_vs_V3,per_step_4_a1.0,V0|V3,,,,,,,,,0.0722806,0.0418998,0.635326,,0.497326,0.93444,
5,C_failure,V0_vs_V3,per_step_4_a1.0,V0|V3,,,,,,,,,0.0746011,0.0438235,0.633487,,0.50166,0.934145,
5,C_contrastive,V0_vs_V3,per_step_4_a1.0,V0|V3,,,,,,,,,0.0238939,0.00799297,1.51894,,0.447215,0.394446,
5,C_success,diagnostic,per_step_5_a1.0,V0,0,0.999841,5.24981e-05,137.592,7.20145,288,60,0.0691449,,,,2.14551e-12,,,70.8043
5,C_failure,diagnostic,per_step_5_a1.0,V0,0,0.999841,7.18407e-05,144.899,7.26293,302,60,0.0711575,,,,1.18171e-11,,,72.8653
5,C_contrastive,diagnostic,per_step_5_a1.0,V0,0,0.383173,5.24968e-05,211.526,1.92152,254,0,0.0213607,,,,0.155881,,,21.8734
5,C_success,diagnostic,per_step_5_a1.0,V1,0,0.999837,-7.7493e-09,65.3065,6.01106,139,39,0.041886,,,,7.72686e-12,,,42.8913
5,C_failure,diagnostic,per_step_5_a1.0,V1,0,0.999837,-1.88442e-09,72.8805,6.05491,155,39,0.0436046,,,,4.13839e-11,,,44.6511
5,C_contrastive,diagnostic,per_step_5_a1.0,V1,4.10726e-10,0.386656,-7.74807e-09,107.046,1.06372,134,0,0.00749166,,,,0.248187,,,7.67146
5,C_success,diagnostic,per_step_5_a1.0,V2,0,0.997546,-7.30634e-09,64.5737,5.94023,138,38,0.0410416,,,,1.38645e-11,,,42.0266
5,C_failure,diagnostic,per_step_5_a1.0,V2,0,0.997128,-1.69636e-09,72.2072,5.98494,155,38,0.0427666,,,,9.72568e-12,,,43.793
5,C_contrastive,diagnostic,per_step_5_a1.0,V2,2.08147e-10,0.386661,-7.36499e-09,106.974,1.06246,135,0,0.00747133,,,,0.246531,,,7.65064
5,C_success,diagnostic,per_step_5_a1.0,V3,0,0.997546,-7.30643e-09,64.5737,5.94023,138,38,0.0410416,,,,0,,,42.0266
5,C_failure,diagnostic,per_step_5_a1.0,V3,0,0.997128,-1.69613e-09,72.2072,5.98494,155,38,0.0427666,,,,0,,,43.793
5,C_contrastive,diagnostic,per_step_5_a1.0,V3,1.19443e-06,0.538618,-8.39127e-10,101.14,1.12244,134,1,0.00762285,,,,0.147893,,,7.80579
5,C_success,V1_vs_V0,per_step_5_a1.0,V1|V0,,,,,,,,,0.041886,0.0691449,0.501322,,0.579143,0.936398,
5,C_failure,V1_vs_V0,per_step_5_a1.0,V1|V0,,,,,,,,,0.0436046,0.0711575,0.499381,,0.549889,0.934333,
5,C_contrastive,V1_vs_V0,per_step_5_a1.0,V1|V0,,,,,,,,,0.00749166,0.0213607,0.785873,,0.395617,0.395195,
5,C_success,V2_vs_V1,per_step_5_a1.0,V2|V1,,,,,,,,,0.0410416,0.041886,0.143845,,0.900078,0.968513,
5,C_failure,V2_vs_V1,per_step_5_a1.0,V2|V1,,,,,,,,,0.0427666,0.0436046,0.141719,,0.899961,0.968828,
5,C_contrastive,V2_vs_V1,per_step_5_a1.0,V2|V1,,,,,,,,,0.00747133,0.00749166,0.118591,,0.994411,0.963818,
5,C_success,V3_vs_V2,per_step_5_a1.0,V3|V2,,,,,,,,,0.0410416,0.0410416,1.90079e-11,,1,1,
5,C_failure,V3_vs_V2,per_step_5_a1.0,V3|V2,,,,,,,,,0.0427666,0.0427666,1.70938e-11,,1,1,
5,C_contrastive,V3_vs_V2,per_step_5_a1.0,V3|V2,,,,,,,,,0.00762285,0.00747133,0.299144,,0.897023,0.980511,
5,C_success,V0_vs_V3,per_step_5_a1.0,V0|V3,,,,,,,,,0.0691449,0.0410416,0.62622,,0.510609,0.933008,
5,C_failure,V0_vs_V3,per_step_5_a1.0,V0|V3,,,,,,,,,0.0711575,0.0427666,0.623858,,0.511351,0.93332,
5,C_contrastive,V0_vs_V3,per_step_5_a1.0,V0|V3,,,,,,,,,0.0213607,0.00762285,1.36949,,0.391196,0.390422,
5,C_success,diagnostic,per_step_6_a1.0,V0,0,0.999865,2.92347e-05,128.065,7.1442,268,59,0.0666188,,,,4.40631e-12,,,68.2176
5,C_failure,diagnostic,per_step_6_a1.0,V0,0,0.999866,4.07927e-05,134.769,7.20467,286,60,0.0684993,,,,5.18556e-11,,,70.1433
5,C_contrastive,diagnostic,per_step_6_a1.0,V0,0,0.375612,2.9234e-05,197.213,1.82704,236,0,0.0193255,,,,0.154097,,,19.7893
5,C_success,diagnostic,per_step_6_a1.0,V1,0,0.999864,-7.66812e-09,63.2035,5.97654,129,38,0.0412136,,,,9.78714e-12,,,42.2027
5,C_failure,diagnostic,per_step_6_a1.0,V1,0,0.999864,-1.99373e-09,70.177,6.02536,145,39,0.0428989,,,,1.9601e-12,,,43.9285
5,C_contrastive,diagnostic,per_step_6_a1.0,V1,4.95253e-10,0.372717,-7.66695e-09,102.764,1.02895,124,0,0.0071299,,,,0.243734,,,7.30102
5,C_success,diagnostic,per_step_6_a1.0,V2,0,0.998178,-8.31494e-09,62.4553,5.90797,129,37,0.040388,,,,2.78668e-11,,,41.3573
5,C_failure,diagnostic,per_step_6_a1.0,V2,0,0.997827,-1.73668e-09,69.4854,5.95759,144,38,0.0420792,,,,1.07948e-13,,,43.0891
5,C_contrastive,diagnostic,per_step_6_a1.0,V2,1.52253e-06,0.372636,-8.33585e-09,103.054,1.02421,125,0,0.00709195,,,,0.243792,,,7.26215
5,C_success,diagnostic,per_step_6_a1.0,V3,0,0.998178,-8.31509e-09,62.4553,5.90797,129,37,0.040388,,,,0,,,41.3573
5,C_failure,diagnostic,per_step_6_a1.0,V3,0,0.997827,-1.73676e-09,69.4854,5.95759,144,38,0.0420792,,,,0,,,43.0891
5,C_contrastive,diagnostic,per_step_6_a1.0,V3,0.00028199,0.46646,-7.17587e-10,99.7318,1.0465,125,0,0.00714819,,,,0.130896,,,7.31974
5,C_success,V1_vs_V0,per_step_6_a1.0,V1|V0,,,,,,,,,0.0412136,0.0666188,0.495764,,0.614272,0.938339,
5,C_failure,V1_vs_V0,per_step_6_a1.0,V1|V0,,,,,,,,,0.0428989,0.0684993,0.493262,,0.580157,0.936273,
5,C_contrastive,V1_vs_V0,per_step_6_a1.0,V1|V0,,,,,,,,,0.0071299,0.0193255,0.789665,,0.424613,0.412301,
5,C_success,V2_vs_V1,per_step_6_a1.0,V2|V1,,,,,,,,,0.040388,0.0412136,0.141446,,0.900144,0.968604,
5,C_failure,V2_vs_V1,per_step_6_a1.0,V2|V1,,,,,,,,,0.0420792,0.0428989,0.139312,,0.900603,0.96879,
5,C_contrastive,V2_vs_V1,per_step_6_a1.0,V2|V1,,,,,,,,,0.00709195,0.0071299,0.142593,,0.931708,0.969676,
5,C_success,V3_vs_V2,per_step_6_a1.0,V3|V2,,,,,,,,,0.040388,0.040388,3.78168e-11,,1,1,
5,C_failure,V3_vs_V2,per_step_6_a1.0,V3|V2,,,,,,,,,0.0420792,0.0420792,5.58154e-11,,1,1,
5,C_contrastive,V3_vs_V2,per_step_6_a1.0,V3|V2,,,,,,,,,0.00714819,0.00709195,0.255399,,0.973634,0.963261,
5,C_success,V0_vs_V3,per_step_6_a1.0,V0|V3,,,,,,,,,0.0666188,0.040388,0.618102,,0.534519,0.933879,
5,C_failure,V0_vs_V3,per_step_6_a1.0,V0|V3,,,,,,,,,0.0684993,0.0420792,0.614497,,0.525451,0.93527,
5,C_contrastive,V0_vs_V3,per_step_6_a1.0,V0|V3,,,,,,,,,0.0193255,0.00714819,1.3918,,0.419996,0.402495,
5,C_success,diagnostic,per_step_7_a1.0,V0,0,0.999883,1.39556e-05,118.65,7.08399,250,59,0.0642452,,,,6.97218e-11,,,65.7871
5,C_failure,diagnostic,per_step_7_a1.0,V0,0,0.999884,1.9567e-05,125.055,7.14719,265,59,0.0661188,,,,5.28783e-11,,,67.7056
5,C_contrastive,diagnostic,per_step_7_a1.0,V0,0,0.36814,1.39554e-05,177.377,1.77751,217,0,0.0176085,,,,0.149548,,,18.0311
5,C_success,diagnostic,per_step_7_a1.0,V1,0,0.999882,-8.31341e-09,61.7118,5.93634,120,38,0.0407306,,,,7.16095e-12,,,41.7081
5,C_failure,diagnostic,per_step_7_a1.0,V1,0,0.999883,-1.93307e-09,68.3819,5.99523,131,38,0.0425031,,,,4.13353e-11,,,43.5232
5,C_contrastive,diagnostic,per_step_7_a1.0,V1,1.42723e-05,0.358098,-8.34515e-09,96.2992,1.03686,115,0,0.00708643,,,,0.237382,,,7.25651
5,C_success,diagnostic,per_step_7_a1.0,V2,0,0.998592,-8.43499e-09,60.9698,5.87049,119,37,0.0399355,,,,1.23942e-12,,,40.894
5,C_failure,diagnostic,per_step_7_a1.0,V2,0,0.998291,-1.93691e-09,67.6817,5.93017,131,38,0.0417087,,,,4.60102e-13,,,42.7097
5,C_contrastive,diagnostic,per_step_7_a1.0,V2,1.94736e-10,0.357104,-8.40998e-09,97.1068,1.02619,115,0,0.00703269,,,,0.240071,,,7.20147
5,C_success,diagnostic,per_step_7_a1.0,V3,0,0.998592,-8.43496e-09,60.9698,5.87049,119,37,0.0399355,,,,0,,,40.894
5,C_failure,diagnostic,per_step_7_a1.0,V3,0,0.998291,-1.93714e-09,67.6817,5.93017,131,38,0.0417087,,,,0,,,42.7097
5,C_contrastive,diagnostic,per_step_7_a1.0,V3,3.34478e-06,0.348559,-6.67585e-10,97.4034,0.99322,115,0,0.00696001,,,,0.06689,,,7.12705
5,C_success,V1_vs_V0,per_step_7_a1.0,V1|V0,,,,,,,,,0.0407306,0.0642452,0.485794,,0.61219,0.944922,
5,C_failure,V1_vs_V0,per_step_7_a1.0,V1|V0,,,,,,,,,0.0425031,0.0661188,0.482303,,0.627432,0.957039,
5,C_contrastive,V1_vs_V0,per_step_7_a1.0,V1|V0,,,,,,,,,0.00708643,0.0176085,0.79874,,0.354738,0.424326,
5,C_success,V2_vs_V1,per_step_7_a1.0,V2|V1,,,,,,,,,0.0399355,0.0407306,0.13715,,0.900001,0.968691,
5,C_failure,V2_vs_V1,per_step_7_a1.0,V2|V1,,,,,,,,,0.0417087,0.0425031,0.135696,,0.900245,0.968741,
5,C_contrastive,V2_vs_V1,per_step_7_a1.0,V2|V1,,,,,,,,,0.00703269,0.00708643,0.179457,,0.898691,0.961516,
5,C_success,V3_vs_V2,per_step_7_a1.0,V3|V2,,,,,,,,,0.0399355,0.0399355,3.7458e-12,,1,1,
5,C_failure,V3_vs_V2,per_step_7_a1.0,V3|V2,,,,,,,,,0.0417087,0.0417087,1.17384e-11,,1,1,
5,C_contrastive,V3_vs_V2,per_step_7_a1.0,V3|V2,,,,,,,,,0.00696001,0.00703269,0.19417,,0.938335,0.972414,
5,C_success,V0_vs_V3,per_step_7_a1.0,V0|V3,,,,,,,,,0.0642452,0.0399355,0.60477,,0.568008,0.934692,
5,C_failure,V0_vs_V3,per_step_7_a1.0,V0|V3,,,,,,,,,0.0661188,0.0417087,0.59947,,0.576003,0.937726,
5,C_contrastive,V0_vs_V3,per_step_7_a1.0,V0|V3,,,,,,,,,0.0176085,0.00696001,1.43,,0.352428,0.416734,
5,C_success,diagnostic,per_step_8_a1.0,V0,0,0.999896,4.93115e-06,110.799,7.03083,224,56,0.0624072,,,,2.40622e-11,,,63.9049
5,C_failure,diagnostic,per_step_8_a1.0,V0,0,0.999896,6.8822e-06,117.254,7.09875,239,57,0.0643866,,,,1.99535e-12,,,65.9319
5,C_contrastive,diagnostic,per_step_8_a1.0,V0,0.000277586,0.366722,4.93113e-06,156.261,1.77,191,0,0.016445,,,,0.14061,,,16.8397
5,C_success,diagnostic,per_step_8_a1.0,V1,0,0.999895,-8.63878e-09,60.7787,5.88338,110,38,0.0403943,,,,3.14048e-13,,,41.3637
5,C_failure,diagnostic,per_step_8_a1.0,V1,0,0.999896,-2.03923e-09,67.4146,5.95836,124,39,0.0423675,,,,6.25705e-11,,,43.3843
5,C_contrastive,diagnostic,per_step_8_a1.0,V1,4.32255e-10,0.359148,-8.72829e-09,88.6965,1.0943,106,0,0.00740672,,,,0.232768,,,7.58448
5,C_success,diagnostic,per_step_8_a1.0,V2,0,0.998858,-8.32248e-09,60.0389,5.81929,110,37,0.0396276,,,,2.85185e-11,,,40.5786
5,C_failure,diagnostic,per_step_8_a1.0,V2,0,0.998585,-1.92643e-09,66.7275,5.89564,123,38,0.0416076,,,,1.74895e-12,,,42.6062
5,C_contrastive,diagnostic,per_step_8_a1.0,V2,1.775e-10,0.357084,-8.38577e-09,89.9096,1.07601,106,0,0.00734067,,,,0.239282,,,7.51685
5,C_success,diagnostic,per_step_8_a1.0,V3,0,0.998858,-8.32243e-09,60.0389,5.81929,110,37,0.0396276,,,,0,,,40.5786
5,C_failure,diagnostic,per_step_8_a1.0,V3,0,0.998585,-1.92653e-09,66.7275,5.89564,123,38,0.0416076,,,,0,,,42.6062
5,C_contrastive,diagnostic,per_step_8_a1.0,V3,0.00294134,0.349073,-6.31664e-10,90.3757,1.04137,104,0,0.00726167,,,,0.061459,,,7.43595
5,C_success,V1_vs_V0,per_step_8_a1.0,V1|V0,,,,,,,,,0.0403943,0.0624072,0.471776,,0.701112,0.952853,
5,C_failure,V1_vs_V0,per_step_8_a1.0,V1|V0,,,,,,,,,0.0423675,0.0643866,0.466286,,0.712535,0.956239,
5,C_contrastive,V1_vs_V0,per_step_8_a1.0,V1|V0,,,,,,,,,0.00740672,0.016445,0.816299,,0.276715,0.41298,
5,C_success,V2_vs_V1,per_step_8_a1.0,V2|V1,,,,,,,,,0.0396276,0.0403943,0.133444,,0.899996,0.969254,
5,C_failure,V2_vs_V1,per_step_8_a1.0,V2|V1,,,,,,,,,0.0416076,0.0423675,0.130601,,0.90031,0.968712,
5,C_contrastive,V2_vs_V1,per_step_8_a1.0,V2|V1,,,,,,,,,0.00734067,0.00740672,0.224084,,0.892736,0.950352,
5,C_success,V3_vs_V2,per_step_8_a1.0,V3|V2,,,,,,,,,0.0396276,0.0396276,3.35832e-11,,1,1,
5,C_failure,V3_vs_V2,per_step_8_a1.0,V3|V2,,,,,,,,,0.0416076,0.0416076,3.39776e-11,,1,1,
5,C_contrastive,V3_vs_V2,per_step_8_a1.0,V3|V2,,,,,,,,,0.00726167,0.00734067,0.22429,,0.96635,0.935194,
5,C_success,V0_vs_V3,per_step_8_a1.0,V0|V3,,,,,,,,,0.0624072,0.0396276,0.588635,,0.638518,0.930048,
5,C_failure,V0_vs_V3,per_step_8_a1.0,V0|V3,,,,,,,,,0.0643866,0.0416076,0.57953,,0.658119,0.938874,
5,C_contrastive,V0_vs_V3,per_step_8_a1.0,V0|V3,,,,,,,,,0.016445,0.00726167,1.38668,,0.261971,0.411517,
5,C_success,diagnostic,per_step_9_a1.0,V0,0,0.999906,2.6667e-06,104.222,6.94805,198,53,0.0604525,,,,2.66573e-11,,,61.9034
5,C_failure,diagnostic,per_step_9_a1.0,V0,0,0.999906,3.79927e-06,111.119,7.02729,214,54,0.0626826,,,,1.50954e-12,,,64.187
5,C_contrastive,diagnostic,per_step_9_a1.0,V0,0,0.364722,2.6667e-06,140.973,1.73634,168,0,0.0154911,,,,0.133178,,,15.8629
5,C_success,diagnostic,per_step_9_a1.0,V1,0,0.999905,-9.09072e-09,60.1648,5.7727,105,38,0.0397215,,,,4.11786e-12,,,40.6748
5,C_failure,diagnostic,per_step_9_a1.0,V1,0,0.999906,-2.13545e-09,67.3243,5.87217,120,39,0.0420787,,,,4.48655e-10,,,43.0886
5,C_contrastive,diagnostic,per_step_9_a1.0,V1,4.4884e-10,0.363991,-9.21828e-09,83.9272,1.17023,100,0,0.00807406,,,,0.236934,,,8.26784
5,C_success,diagnostic,per_step_9_a1.0,V2,0,0.99911,-1.05109e-08,59.4951,5.703,104,38,0.0389564,,,,7.21714e-12,,,39.8914
5,C_failure,diagnostic,per_step_9_a1.0,V2,0,0.998873,-2.30987e-09,66.7058,5.8055,120,38,0.0413311,,,,1.46427e-11,,,42.323
5,C_contrastive,diagnostic,per_step_9_a1.0,V2,1.89755e-10,0.36181,-1.05814e-08,84.3609,1.16644,100,0,0.00807877,,,,0.239898,,,8.27266
5,C_success,diagnostic,per_step_9_a1.0,V3,0,0.99911,-1.05109e-08,59.4951,5.703,104,38,0.0389564,,,,0,,,39.8914
5,C_failure,diagnostic,per_step_9_a1.0,V3,0,0.998873,-2.3098e-09,66.7058,5.8055,120,38,0.0413311,,,,0,,,42.323
5,C_contrastive,diagnostic,per_step_9_a1.0,V3,0.000704928,0.355102,-7.85435e-10,84.9974,1.12793,98,0,0.00798442,,,,0.0586631,,,8.17604
5,C_success,V1_vs_V0,per_step_9_a1.0,V1|V0,,,,,,,,,0.0397215,0.0604525,0.452043,,0.833673,0.942941,
5,C_failure,V1_vs_V0,per_step_9_a1.0,V1|V0,,,,,,,,,0.0420787,0.0626826,0.441758,,0.819595,0.943156,
5,C_contrastive,V1_vs_V0,per_step_9_a1.0,V1|V0,,,,,,,,,0.00807406,0.0154911,0.842592,,0.247202,0.36877,
5,C_success,V2_vs_V1,per_step_9_a1.0,V2|V1,,,,,,,,,0.0389564,0.0397215,0.135706,,0.899958,0.973773,
5,C_failure,V2_vs_V1,per_step_9_a1.0,V2|V1,,,,,,,,,0.0413311,0.0420787,0.130379,,0.900647,0.971616,
5,C_contrastive,V2_vs_V1,per_step_9_a1.0,V2|V1,,,,,,,,,0.00807877,0.00807406,0.243364,,0.953702,0.978299,
5,C_success,V3_vs_V2,per_step_9_a1.0,V3|V2,,,,,,,,,0.0389564,0.0389564,2.36689e-11,,1,1,
5,C_failure,V3_vs_V2,per_step_9_a1.0,V3|V2,,,,,,,,,0.0413311,0.0413311,3.85515e-11,,1,1,
5,C_contrastive,V3_vs_V2,per_step_9_a1.0,V3|V2,,,,,,,,,0.00798442,0.00807877,0.207738,,0.921662,0.910615,
5,C_success,V0_vs_V3,per_step_9_a1.0,V0|V3,,,,,,,,,0.0604525,0.0389564,0.569645,,0.76575,0.924559,
5,C_failure,V0_vs_V3,per_step_9_a1.0,V0|V3,,,,,,,,,0.0626826,0.0413311,0.552897,,0.759359,0.926778,
5,C_contrastive,V0_vs_V3,per_step_9_a1.0,V0|V3,,,,,,,,,0.0154911,0.00798442,1.30407,,0.231314,0.365686,
11,C_success,diagnostic,global_a0.1,V0,0,0.9941,3.51648e-05,75.6319,5.41668,136,39,0.0395685,,,,4.78606e-13,,,40.5181
11,C_failure,diagnostic,global_a0.1,V0,0,0.993971,4.22908e-05,78.7129,5.40621,142,38,0.0398728,,,,0,,,40.8298
11,C_contrastive,diagnostic,global_a0.1,V0,0,0.398892,3.51643e-05,133.746,1.43972,135,0,0.0126593,,,,0.125016,,,12.9631
11,C_success,diagnostic,global_a0.1,V1,0,0.994032,2.67331e-06,69.1463,3.03966,101,10,0.0209344,,,,0,,,21.4369
11,C_failure,diagnostic,global_a0.1,V1,0,0.993896,5.86398e-06,74.0138,3.02622,110,8,0.0213458,,,,4.28333e-13,,,21.8581
11,C_contrastive,diagnostic,global_a0.1,V1,0,0.41479,2.67327e-06,81.2815,1.99952,101,0,0.0150826,,,,0.0945831,,,15.4446
11,C_success,diagnostic,global_a0.1,V2,0,0.896452,2.66937e-06,69.8808,2.89767,100,9,0.0201479,,,,0,,,20.6315
11,C_failure,diagnostic,global_a0.1,V2,0,0.899144,5.86361e-06,74.9162,2.88504,109,7,0.0205659,,,,0,,,21.0595
11,C_contrastive,diagnostic,global_a0.1,V2,0,0.413865,2.66937e-06,81.0724,2.00392,100,0,0.0151271,,,,0.0868321,,,15.4902
11,C_success,diagnostic,global_a0.1,V3,0,0.896452,2.66937e-06,69.8808,2.89767,100,9,0.0201479,,,,0,,,20.6315
11,C_failure,diagnostic,global_a0.1,V3,0,0.899144,5.86361e-06,74.9162,2.88504,109,7,0.0205659,,,,0,,,21.0595
11,C_contrastive,diagnostic,global_a0.1,V3,0,0.411006,2.66934e-06,81.2279,1.9945,100,0,0.0150951,,,,1.34712e-09,,,15.4574
11,C_success,V1_vs_V0,global_a0.1,V1|V0,,,,,,,,,0.0209344,0.0395685,0.560068,,0.355976,0.732784,
11,C_failure,V1_vs_V0,global_a0.1,V1|V0,,,,,,,,,0.0213458,0.0398728,0.554221,,0.327071,0.750708,
11,C_contrastive,V1_vs_V0,global_a0.1,V1|V0,,,,,,,,,0.0150826,0.0126593,0.791629,,0.212205,0.515462,
11,C_success,V2_vs_V1,global_a0.1,V2|V1,,,,,,,,,0.0201479,0.0209344,0.264958,,0.899925,0.969102,
11,C_failure,V2_vs_V1,global_a0.1,V2|V1,,,,,,,,,0.0205659,0.0213458,0.263921,,0.89991,0.967885,
11,C_contrastive,V2_vs_V1,global_a0.1,V2|V1,,,,,,,,,0.0151271,0.0150826,0.105845,,0.99713,0.99285,
11,C_success,V3_vs_V2,global_a0.1,V3|V2,,,,,,,,,0.0201479,0.0201479,0,,1,1,
11,C_failure,V3_vs_V2,global_a0.1,V3|V2,,,,,,,,,0.0205659,0.0205659,0,,1,1,
11,C_contrastive,V3_vs_V2,global_a0.1,V3|V2,,,,,,,,,0.0150951,0.0151271,0.0586831,,0.996683,0.998145,
11,C_success,V0_vs_V3,global_a0.1,V0|V3,,,,,,,,,0.0395685,0.0201479,1.08379,,0.355748,0.732651,
11,C_failure,V0_vs_V3,global_a0.1,V0|V3,,,,,,,,,0.0398728,0.0205659,1.07546,,0.335827,0.75701,
11,C_contrastive,V0_vs_V3,global_a0.1,V0|V3,,,,,,,,,0.0126593,0.0150951,0.582243,,0.201556,0.511628,
11,C_success,diagnostic,global_a0.5,V0,0,0.999763,0.000878379,273.883,8.23565,597,78,0.107375,,,,4.06016e-11,,,109.952
11,C_failure,diagnostic,global_a0.5,V0,0,0.999757,0.0010562,294.983,8.35674,650,83,0.112877,,,,1.97058e-11,,,115.586
11,C_contrastive,diagnostic,global_a0.5,V0,6.55079e-05,0.488256,0.000238959,403.481,3.07159,564,1,0.0488254,,,,0.190212,,,49.9972
11,C_success,diagnostic,global_a0.5,V1,0,0.99976,6.68299e-05,179.582,7.24977,370,63,0.0787548,,,,8.87088e-14,,,80.645
11,C_failure,diagnostic,global_a0.5,V1,0,0.999754,0.000146577,202.751,7.37357,423,66,0.0840803,,,,8.93114e-11,,,86.0982
11,C_contrastive,diagnostic,global_a0.5,V1,1.92276e-05,0.503879,6.68132e-05,272.533,2.5591,368,1,0.0328497,,,,0.250695,,,33.6381
11,C_success,diagnostic,global_a0.5,V2,0,0.995401,6.67292e-05,179.314,7.19895,370,62,0.0780375,,,,1.7448e-16,,,79.9104
11,C_failure,diagnostic,global_a0.5,V2,0,0.995533,0.000146571,202.575,7.32449,423,65,0.0833797,,,,0,,,85.3808
11,C_contrastive,diagnostic,global_a0.5,V2,0.000102313,0.501575,6.67128e-05,272.734,2.55762,368,1,0.0328415,,,,0.250585,,,33.6297
11,C_success,diagnostic,global_a0.5,V3,0,0.995401,6.67292e-05,179.314,7.19895,370,62,0.0780375,,,,0,,,79.9104
11,C_failure,diagnostic,global_a0.5,V3,0,0.995533,0.000146571,202.575,7.32449,423,65,0.0833797,,,,0,,,85.3808
11,C_contrastive,diagnostic,global_a0.5,V3,0,0.473197,6.67293e-05,276.08,2.47073,369,0,0.0324436,,,,3.5648e-11,,,33.2222
11,C_success,V1_vs_V0,global_a0.5,V1|V0,,,,,,,,,0.0787548,0.107375,0.295468,,0.355976,0.732784,
11,C_failure,V1_vs_V0,global_a0.5,V1|V0,,,,,,,,,0.0840803,0.112877,0.289316,,0.327071,0.750708,
11,C_contrastive,V1_vs_V0,global_a0.5,V1|V0,,,,,,,,,0.0328497,0.0488254,0.525944,,0.622638,0.642568,
11,C_success,V2_vs_V1,global_a0.5,V2|V1,,,,,,,,,0.0780375,0.0787548,0.101326,,0.899925,0.969102,
11,C_failure,V2_vs_V1,global_a0.5,V2|V1,,,,,,,,,0.0833797,0.0840803,0.0972936,,0.89991,0.967885,
11,C_contrastive,V2_vs_V1,global_a0.5,V2|V1,,,,,,,,,0.0328415,0.0328497,0.101864,,0.988643,0.987761,
11,C_success,V3_vs_V2,global_a0.5,V3|V2,,,,,,,,,0.0780375,0.0780375,2.85877e-12,,1,1,
11,C_failure,V3_vs_V2,global_a0.5,V3|V2,,,,,,,,,0.0833797,0.0833797,0,,1,1,
11,C_contrastive,V3_vs_V2,global_a0.5,V3|V2,,,,,,,,,0.0324436,0.0328415,0.17561,,0.971098,0.966054,
11,C_success,V0_vs_V3,global_a0.5,V0|V3,,,,,,,,,0.107375,0.0780375,0.354482,,0.355748,0.732651,
11,C_failure,V0_vs_V3,global_a0.5,V0|V3,,,,,,,,,0.112877,0.0833797,0.345575,,0.335827,0.75701,
11,C_contrastive,V0_vs_V3,global_a0.5,V0|V3,,,,,,,,,0.0488254,0.0324436,0.669849,,0.597552,0.628591,
11,C_success,diagnostic,global_a1.0,V0,0,0.999941,0.00350428,455.553,10.6378,928,136,0.187321,,,,1.29146e-10,,,191.816
11,C_failure,diagnostic,global_a1.0,V0,0,0.999939,0.00421145,487,10.9195,975,142,0.199523,,,,8.5764e-11,,,204.312
11,C_contrastive,diagnostic,global_a1.0,V0,0.000317761,0.505415,6.0436e-05,587.163,4.51964,885,1,0.0929507,,,,0.201342,,,95.1815
11,C_success,diagnostic,global_a1.0,V1,0,0.99994,0.000267265,293.45,9.15983,580,101,0.129381,,,,4.67414e-12,,,132.486
11,C_failure,diagnostic,global_a1.0,V1,0,0.999939,0.000586051,335.327,9.45748,681,110,0.141875,,,,1.25015e-11,,,145.28
11,C_contrastive,diagnostic,global_a1.0,V1,0.000377002,0.510318,6.00581e-05,393.525,3.61403,569,1,0.0580693,,,,0.263215,,,59.463
11,C_success,diagnostic,global_a1.0,V2,0,0.998846,0.000266864,293.28,9.1191,579,101,0.128684,,,,1.41323e-13,,,131.772
11,C_failure,diagnostic,global_a1.0,V2,0,0.99888,0.000586024,335.228,9.41908,680,109,0.141194,,,,2.7311e-13,,,144.583
11,C_contrastive,diagnostic,global_a1.0,V2,0.000157123,0.508801,0.000266466,393.713,3.61439,569,1,0.0580957,,,,0.263213,,,59.49
11,C_success,diagnostic,global_a1.0,V3,0,0.998846,0.000266864,293.28,9.1191,579,101,0.128684,,,,0,,,131.772
11,C_failure,diagnostic,global_a1.0,V3,0,0.99888,0.000586024,335.228,9.41908,680,109,0.141194,,,,0,,,144.583
11,C_contrastive,diagnostic,global_a1.0,V3,0,0.469549,0.000266863,397.183,3.46405,572,0,0.0571181,,,,2.37759e-11,,,58.4889
11,C_success,V1_vs_V0,global_a1.0,V1|V0,,,,,,,,,0.129381,0.187321,0.357971,,0.355974,0.732784,
11,C_failure,V1_vs_V0,global_a1.0,V1|V0,,,,,,,,,0.141875,0.199523,0.340253,,0.327071,0.750708,
11,C_contrastive,V1_vs_V0,global_a1.0,V1|V0,,,,,,,,,0.0580693,0.0929507,0.543104,,0.725596,0.66261,
11,C_success,V2_vs_V1,global_a1.0,V2|V1,,,,,,,,,0.128684,0.129381,0.0778702,,0.899925,0.969102,
11,C_failure,V2_vs_V1,global_a1.0,V2|V1,,,,,,,,,0.141194,0.141875,0.073747,,0.89991,0.967885,
11,C_contrastive,V2_vs_V1,global_a1.0,V2|V1,,,,,,,,,0.0580957,0.0580693,0.0740576,,0.991733,0.992522,
11,C_success,V3_vs_V2,global_a1.0,V3|V2,,,,,,,,,0.128684,0.128684,1.80543e-11,,1,1,
11,C_failure,V3_vs_V2,global_a1.0,V3|V2,,,,,,,,,0.141194,0.141194,1.76161e-11,,1,1,
11,C_contrastive,V3_vs_V2,global_a1.0,V3|V2,,,,,,,,,0.0571181,0.0580957,0.185053,,0.861415,0.945715,
11,C_success,V0_vs_V3,global_a1.0,V0|V3,,,,,,,,,0.187321,0.128684,0.425344,,0.355745,0.732651,
11,C_failure,V0_vs_V3,global_a1.0,V0|V3,,,,,,,,,0.199523,0.141194,0.401843,,0.335829,0.75701,
11,C_contrastive,V0_vs_V3,global_a1.0,V0|V3,,,,,,,,,0.0929507,0.0571181,0.726603,,0.672871,0.642571,
11,C_success,diagnostic,global_a2.0,V0,0,0.999985,0.0138713,666.286,14.3946,1024,269,0.325628,,,,6.99058e-11,,,333.443
11,C_failure,diagnostic,global_a2.0,V0,0,0.999985,0.0166356,702.437,14.8924,1024,289,0.348385,,,,1.10362e-10,,,356.746
11,C_contrastive,diagnostic,global_a2.0,V0,0.000269549,0.493115,1.51394e-05,758.588,6.1729,974,1,0.152393,,,,0.203192,,,156.05
11,C_success,diagnostic,global_a2.0,V1,0,0.999985,0.00106821,447.007,11.8709,799,174,0.214979,,,,1.60116e-10,,,220.139
11,C_failure,diagnostic,global_a2.0,V1,0,0.999985,0.00234009,511.997,12.4328,924,193,0.240906,,,,2.93799e-11,,,246.688
11,C_contrastive,diagnostic,global_a2.0,V1,0.000545578,0.528847,1.52813e-05,531.239,5.023,765,3,0.0976451,,,,0.2948,,,99.9886
11,C_success,diagnostic,global_a2.0,V2,0,0.999711,0.0010666,446.798,11.8411,799,174,0.214342,,,,5.58323e-11,,,219.486
11,C_failure,diagnostic,global_a2.0,V2,0,0.99972,0.00233999,511.866,12.4048,923,192,0.240284,,,,3.05144e-11,,,246.051
11,C_contrastive,diagnostic,global_a2.0,V2,0.00052351,0.528979,0.000273668,531.446,5.02508,766,3,0.0977068,,,,0.294823,,,100.052
11,C_success,diagnostic,global_a2.0,V3,0,0.999711,0.0010666,446.798,11.8411,799,174,0.214342,,,,0,,,219.486
11,C_failure,diagnostic,global_a2.0,V3,0,0.99972,0.00233999,511.866,12.4048,923,192,0.240284,,,,0,,,246.051
11,C_contrastive,diagnostic,global_a2.0,V3,0,0.502192,0.000280338,537.929,4.75603,758,1,0.0953366,,,,5.4509e-13,,,97.6246
11,C_success,V1_vs_V0,global_a2.0,V1|V0,,,,,,,,,0.214979,0.325628,0.409714,,0.355974,0.732784,
11,C_failure,V1_vs_V0,global_a2.0,V1|V0,,,,,,,,,0.240906,0.348385,0.378942,,0.327062,0.750708,
11,C_contrastive,V1_vs_V0,global_a2.0,V1|V0,,,,,,,,,0.0976451,0.152393,0.540446,,0.716924,0.66193,
11,C_success,V2_vs_V1,global_a2.0,V2|V1,,,,,,,,,0.214342,0.214979,0.0549798,,0.899925,0.969102,
11,C_failure,V2_vs_V1,global_a2.0,V2|V1,,,,,,,,,0.240284,0.240906,0.0512271,,0.89991,0.967885,
11,C_contrastive,V2_vs_V1,global_a2.0,V2|V1,,,,,,,,,0.0977068,0.0976451,0.0586533,,0.99446,0.990933,
11,C_success,V3_vs_V2,global_a2.0,V3|V2,,,,,,,,,0.214342,0.214342,8.87727e-11,,1,1,
11,C_failure,V3_vs_V2,global_a2.0,V3|V2,,,,,,,,,0.240284,0.240284,2.13498e-10,,1,1,
11,C_contrastive,V3_vs_V2,global_a2.0,V3|V2,,,,,,,,,0.0953366,0.0977068,0.207001,,0.885184,0.913861,
11,C_success,V0_vs_V3,global_a2.0,V0|V3,,,,,,,,,0.325628,0.214342,0.501351,,0.355745,0.732651,
11,C_failure,V0_vs_V3,global_a2.0,V0|V3,,,,,,,,,0.348385,0.240284,0.458064,,0.335819,0.75701,
11,C_contrastive,V0_vs_V3,global_a2.0,V0|V3,,,,,,,,,0.152393,0.0953366,0.715621,,0.633622,0.620744,
11,C_success,diagnostic,global_a10.0,V0,0,0.999999,0.260169,994.584,26.2788,1024,929,0.800088,,,,1.12809e-10,,,819.29
11,C_failure,diagnostic,global_a10.0,V0,0,0.999999,0.297223,1003.22,27.0093,1024,976,0.828449,,,,1.09227e-10,,,848.331
11,C_contrastive,diagnostic,global_a10.0,V0,3.48847e-05,0.378807,6.03687e-07,697.697,5.81185,881,0,0.140389,,,,0.079126,,,143.758
11,C_success,diagnostic,global_a10.0,V1,0,0.999999,0.0260376,832.962,21.2329,1024,581,0.571297,,,,2.78538e-10,,,585.008
11,C_failure,diagnostic,global_a10.0,V1,0,0.999999,0.0553914,909.393,22.7864,1024,683,0.648792,,,,1.95499e-10,,,664.363
11,C_contrastive,diagnostic,global_a10.0,V1,0.000666438,0.495214,6.28713e-07,706.092,6.86373,905,2,0.161192,,,,0.324945,,,165.061
11,C_success,diagnostic,global_a10.0,V2,0,0.999988,0.0259995,832.693,21.22,1024,581,0.570823,,,,1.41767e-10,,,584.523
11,C_failure,diagnostic,global_a10.0,V2,0,0.999989,0.055389,909.255,22.7755,1024,683,0.648405,,,,1.49727e-10,,,663.967
11,C_contrastive,diagnostic,global_a10.0,V2,0.000827777,0.495444,1.12067e-05,706.52,6.86566,906,2,0.161275,,,,0.325078,,,165.146
11,C_success,diagnostic,global_a10.0,V3,0,0.999988,0.0259995,832.693,21.22,1024,581,0.570823,,,,0,,,584.523
11,C_failure,diagnostic,global_a10.0,V3,0,0.999989,0.055389,909.255,22.7755,1024,683,0.648405,,,,0,,,663.967
11,C_contrastive,diagnostic,global_a10.0,V3,0,0.474054,1.12167e-05,724.848,6.37087,915,0,0.155439,,,,1.29956e-10,,,159.17
11,C_success,V1_vs_V0,global_a10.0,V1|V0,,,,,,,,,0.571297,0.800088,0.389456,,0.35624,0.732783,
11,C_failure,V1_vs_V0,global_a10.0,V1|V0,,,,,,,,,0.648792,0.828449,0.306063,,0.327183,0.75071,
11,C_contrastive,V1_vs_V0,global_a10.0,V1|V0,,,,,,,,,0.161192,0.140389,0.727378,,0.0968172,0.164461,
11,C_success,V2_vs_V1,global_a10.0,V2|V1,,,,,,,,,0.570823,0.571297,0.0228495,,0.899923,0.969102,
11,C_failure,V2_vs_V1,global_a10.0,V2|V1,,,,,,,,,0.648405,0.648792,0.0173916,,0.89991,0.967885,
11,C_contrastive,V2_vs_V1,global_a10.0,V2|V1,,,,,,,,,0.161275,0.161192,0.036558,,0.990341,0.996842,
11,C_success,V3_vs_V2,global_a10.0,V3|V2,,,,,,,,,0.570823,0.570823,1.67694e-10,,1,1,
11,C_failure,V3_vs_V2,global_a10.0,V3|V2,,,,,,,,,0.648405,0.648405,1.13417e-10,,1,1,
11,C_contrastive,V3_vs_V2,global_a10.0,V3|V2,,,,,,,,,0.155439,0.161275,0.225406,,0.856319,0.926586,
11,C_success,V0_vs_V3,global_a10.0,V0|V3,,,,,,,,,0.800088,0.570823,0.483033,,0.356057,0.73266,
11,C_failure,V0_vs_V3,global_a10.0,V0|V3,,,,,,,,,0.828449,0.648405,0.363526,,0.335802,0.757024,
11,C_contrastive,V0_vs_V3,global_a10.0,V0|V3,,,,,,,,,0.140389,0.155439,0.610652,,0.0734042,0.14065,
11,C_success,diagnostic,per_step_0_a1.0,V0,0,0.999927,0.000690652,279.588,8.13076,600,76,0.107357,,,,6.12068e-11,,,109.934
11,C_failure,diagnostic,per_step_0_a1.0,V0,0,0.999924,0.00107824,305.809,8.4072,670,82,0.116195,,,,5.95705e-11,,,118.984
11,C_contrastive,diagnostic,per_step_0_a1.0,V0,0.000630725,0.578268,7.41584e-05,377.109,3.46641,564,2,0.0528547,,,,0.263761,,,54.1232
11,C_success,diagnostic,per_step_0_a1.0,V1,0,0.999925,-1.24343e-08,145.529,7.32878,305,61,0.0740815,,,,3.26617e-11,,,75.8594
11,C_failure,diagnostic,per_step_0_a1.0,V1,0,0.999921,-5.763e-09,181.421,7.65967,381,65,0.0843744,,,,9.87905e-11,,,86.3994
11,C_contrastive,diagnostic,per_step_0_a1.0,V1,0.000639579,0.567489,-1.23595e-08,184.043,2.63468,297,2,0.0277361,,,,0.363594,,,28.4018
11,C_success,diagnostic,per_step_0_a1.0,V2,0,0.996563,-1.28758e-08,145.063,7.26678,304,60,0.0732327,,,,2.26562e-11,,,74.9903
11,C_failure,diagnostic,per_step_0_a1.0,V2,0,0.995331,-5.27449e-09,181.125,7.60141,380,64,0.083546,,,,2.17538e-11,,,85.5511
11,C_contrastive,diagnostic,per_step_0_a1.0,V2,0.000380181,0.56742,-1.28741e-08,183.989,2.63731,298,2,0.0277767,,,,0.364158,,,28.4434
11,C_success,diagnostic,per_step_0_a1.0,V3,0,0.996563,-1.28761e-08,145.063,7.26678,304,60,0.0732327,,,,0,,,74.9903
11,C_failure,diagnostic,per_step_0_a1.0,V3,0,0.995331,-5.27464e-09,181.125,7.60141,380,64,0.083546,,,,0,,,85.5511
11,C_contrastive,diagnostic,per_step_0_a1.0,V3,0.000863442,0.791152,-2.18984e-09,181.297,2.49182,274,1,0.026874,,,,0.147184,,,27.519
11,C_success,V1_vs_V0,per_step_0_a1.0,V1|V0,,,,,,,,,0.0740815,0.107357,0.345779,,0.583035,0.898595,
11,C_failure,V1_vs_V0,per_step_0_a1.0,V1|V0,,,,,,,,,0.0843744,0.116195,0.321616,,0.600109,0.931922,
11,C_contrastive,V1_vs_V0,per_step_0_a1.0,V1|V0,,,,,,,,,0.0277361,0.0528547,0.554593,,0.900902,0.690171,
11,C_success,V2_vs_V1,per_step_0_a1.0,V2|V1,,,,,,,,,0.0732327,0.0740815,0.11859,,0.898742,0.965554,
11,C_failure,V2_vs_V1,per_step_0_a1.0,V2|V1,,,,,,,,,0.083546,0.0843744,0.110747,,0.904325,0.967814,
11,C_contrastive,V2_vs_V1,per_step_0_a1.0,V2|V1,,,,,,,,,0.0277767,0.0277361,0.0919268,,0.99685,0.992121,
11,C_success,V3_vs_V2,per_step_0_a1.0,V3|V2,,,,,,,,,0.0732327,0.0732327,1.60204e-11,,1,1,
11,C_failure,V3_vs_V2,per_step_0_a1.0,V3|V2,,,,,,,,,0.083546,0.083546,4.59674e-11,,1,1,
11,C_contrastive,V3_vs_V2,per_step_0_a1.0,V3|V2,,,,,,,,,0.026874,0.0277767,0.362754,,0.860082,0.87263,
11,C_success,V0_vs_V3,per_step_0_a1.0,V0|V3,,,,,,,,,0.107357,0.0732327,0.40547,,0.515625,0.895137,
11,C_failure,V0_vs_V3,per_step_0_a1.0,V0|V3,,,,,,,,,0.116195,0.083546,0.373265,,0.538151,0.927084,
11,C_contrastive,V0_vs_V3,per_step_0_a1.0,V0|V3,,,,,,,,,0.0528547,0.026874,0.854754,,0.794218,0.649441,
11,C_success,diagnostic,per_step_1_a1.0,V0,0,0.999915,0.000787631,304.079,8.66332,639,87,0.121023,,,,8.83018e-11,,,123.928
11,C_failure,diagnostic,per_step_1_a1.0,V0,0,0.999911,0.00120847,335.711,8.94503,719,92,0.131158,,,,7.8476e-11,,,134.306
11,C_contrastive,diagnostic,per_step_1_a1.0,V0,0.000285409,0.553059,8.6249e-05,405.129,3.65618,602,2,0.0587665,,,,0.265452,,,60.1769
11,C_success,diagnostic,per_step_1_a1.0,V1,0,0.999913,-1.42596e-08,158.447,7.36106,327,60,0.0773543,,,,2.08148e-10,,,79.2108
11,C_failure,diagnostic,per_step_1_a1.0,V1,0,0.999909,-7.33744e-09,200.782,7.66932,421,65,0.0881488,,,,9.26058e-11,,,90.2643
11,C_contrastive,diagnostic,per_step_1_a1.0,V1,0.000640764,0.549171,-1.42405e-08,203.058,2.76804,323,2,0.031168,,,,0.342896,,,31.916
11,C_success,diagnostic,per_step_1_a1.0,V2,0,0.995934,-1.45638e-08,158.024,7.30083,327,59,0.0765234,,,,1.12752e-11,,,78.3599
11,C_failure,diagnostic,per_step_1_a1.0,V2,0,0.99444,-6.34161e-09,200.564,7.61276,421,64,0.0873384,,,,8.66743e-11,,,89.4345
11,C_contrastive,diagnostic,per_step_1_a1.0,V2,0.000634843,0.549797,-1.45678e-08,202.971,2.77019,323,2,0.0312009,,,,0.343008,,,31.9497
11,C_success,diagnostic,per_step_1_a1.0,V3,0,0.995934,-1.45638e-08,158.024,7.30083,327,59,0.0765234,,,,0,,,78.3599
11,C_failure,diagnostic,per_step_1_a1.0,V3,0,0.99444,-6.34206e-09,200.564,7.61276,421,64,0.0873384,,,,0,,,89.4345
11,C_contrastive,diagnostic,per_step_1_a1.0,V3,0.0492596,0.739975,-2.22819e-09,197.666,2.69137,305,2,0.0304788,,,,0.344367,,,31.2103
11,C_success,V1_vs_V0,per_step_1_a1.0,V1|V0,,,,,,,,,0.0773543,0.121023,0.448735,,0.553567,0.873639,
11,C_failure,V1_vs_V0,per_step_1_a1.0,V1|V0,,,,,,,,,0.0881488,0.131158,0.423635,,0.590997,0.903216,
11,C_contrastive,V1_vs_V0,per_step_1_a1.0,V1|V0,,,,,,,,,0.031168,0.0587665,0.616804,,0.782662,0.626084,
11,C_success,V2_vs_V1,per_step_1_a1.0,V2|V1,,,,,,,,,0.0765234,0.0773543,0.115596,,0.899467,0.966683,
11,C_failure,V2_vs_V1,per_step_1_a1.0,V2|V1,,,,,,,,,0.0873384,0.0881488,0.108196,,0.900895,0.968001,
11,C_contrastive,V2_vs_V1,per_step_1_a1.0,V2|V1,,,,,,,,,0.0312009,0.031168,0.0883274,,0.996779,0.994578,
11,C_success,V3_vs_V2,per_step_1_a1.0,V3|V2,,,,,,,,,0.0765234,0.0765234,7.97568e-12,,1,1,
11,C_failure,V3_vs_V2,per_step_1_a1.0,V3|V2,,,,,,,,,0.0873384,0.0873384,6.13476e-11,,1,1,
11,C_contrastive,V3_vs_V2,per_step_1_a1.0,V3|V2,,,,,,,,,0.0304788,0.0312009,0.405204,,0.761918,0.874523,
11,C_success,V0_vs_V3,per_step_1_a1.0,V0|V3,,,,,,,,,0.121023,0.0765234,0.545432,,0.489675,0.869706,
11,C_failure,V0_vs_V3,per_step_1_a1.0,V0|V3,,,,,,,,,0.131158,0.0873384,0.509909,,0.514486,0.899223,
11,C_contrastive,V0_vs_V3,per_step_1_a1.0,V0|V3,,,,,,,,,0.0587665,0.0304788,0.925102,,0.637199,0.580307,
11,C_success,diagnostic,per_step_2_a1.0,V0,0,0.999919,0.000842406,328.85,9.11177,677,93,0.133618,,,,1.06714e-10,,,136.825
11,C_failure,diagnostic,per_step_2_a1.0,V0,0,0.999916,0.00130121,365.656,9.37944,767,99,0.144787,,,,7.40825e-11,,,148.262
11,C_contrastive,diagnostic,per_step_2_a1.0,V0,0.000243974,0.538461,8.22096e-05,431.034,3.85753,637,2,0.064888,,,,0.261467,,,66.4453
11,C_success,diagnostic,per_step_2_a1.0,V1,0,0.999917,-1.60475e-08,176.696,7.6141,348,65,0.0852014,,,,8.5786e-11,,,87.2462
11,C_failure,diagnostic,per_step_2_a1.0,V1,0,0.999914,-7.9653e-09,225.734,7.90542,459,71,0.0968725,,,,9.63212e-11,,,99.1975
11,C_contrastive,diagnostic,per_step_2_a1.0,V1,0.000639621,0.539391,-1.5823e-08,219.966,3.06335,343,2,0.0368037,,,,0.327644,,,37.687
11,C_success,diagnostic,per_step_2_a1.0,V2,0,0.996553,-1.28279e-08,176.283,7.55721,348,65,0.0843846,,,,3.40564e-13,,,86.4098
11,C_failure,diagnostic,per_step_2_a1.0,V2,0,0.995927,-8.26328e-09,225.551,7.85166,458,70,0.0960775,,,,3.2779e-13,,,98.3834
11,C_contrastive,diagnostic,per_step_2_a1.0,V2,0.00039809,0.539655,-1.28753e-08,219.889,3.06548,344,2,0.0368359,,,,0.327592,,,37.7199
11,C_success,diagnostic,per_step_2_a1.0,V3,0,0.996553,-1.28279e-08,176.283,7.55721,348,65,0.0843846,,,,0,,,86.4098
11,C_failure,diagnostic,per_step_2_a1.0,V3,0,0.995927,-8.26409e-09,225.551,7.85166,458,70,0.0960775,,,,0,,,98.3834
11,C_contrastive,diagnostic,per_step_2_a1.0,V3,0.00387683,0.572943,-2.17493e-09,216.508,2.86184,332,1,0.0355431,,,,0.124995,,,36.3961
11,C_success,V1_vs_V0,per_step_2_a1.0,V1|V0,,,,,,,,,0.0852014,0.133618,0.45936,,0.466944,0.827708,
11,C_failure,V1_vs_V0,per_step_2_a1.0,V1|V0,,,,,,,,,0.0968725,0.144787,0.435265,,0.486299,0.85218,
11,C_contrastive,V1_vs_V0,per_step_2_a1.0,V1|V0,,,,,,,,,0.0368037,0.064888,0.609436,,0.741983,0.683663,
11,C_success,V2_vs_V1,per_step_2_a1.0,V2|V1,,,,,,,,,0.0843846,0.0852014,0.109853,,0.90009,0.968191,
11,C_failure,V2_vs_V1,per_step_2_a1.0,V2|V1,,,,,,,,,0.0960775,0.0968725,0.102976,,0.898772,0.968181,
11,C_contrastive,V2_vs_V1,per_step_2_a1.0,V2|V1,,,,,,,,,0.0368359,0.0368037,0.0827852,,0.98545,0.994388,
11,C_success,V3_vs_V2,per_step_2_a1.0,V3|V2,,,,,,,,,0.0843846,0.0843846,2.43592e-11,,1,1,
11,C_failure,V3_vs_V2,per_step_2_a1.0,V3|V2,,,,,,,,,0.0960775,0.0960775,8.38737e-11,,1,1,
11,C_contrastive,V3_vs_V2,per_step_2_a1.0,V3|V2,,,,,,,,,0.0355431,0.0368359,0.318735,,0.829002,0.867863,
11,C_success,V0_vs_V3,per_step_2_a1.0,V0|V3,,,,,,,,,0.133618,0.0843846,0.565111,,0.407934,0.821387,
11,C_failure,V0_vs_V3,per_step_2_a1.0,V0|V3,,,,,,,,,0.144787,0.0960775,0.530493,,0.438969,0.847451,
11,C_contrastive,V0_vs_V3,per_step_2_a1.0,V0|V3,,,,,,,,,0.064888,0.0355431,0.873386,,0.624878,0.628277,
11,C_success,diagnostic,per_step_3_a1.0,V0,0,0.999927,0.000811392,341.265,9.39938,695,102,0.141275,,,,4.13933e-11,,,144.666
11,C_failure,diagnostic,per_step_3_a1.0,V0,0,0.999925,0.00121612,379.996,9.67164,788,108,0.153112,,,,2.6373e-11,,,156.786
11,C_contrastive,diagnostic,per_step_3_a1.0,V0,0.000431935,0.528084,7.36186e-05,444.977,3.94692,656,1,0.0678979,,,,0.260958,,,69.5275
11,C_success,diagnostic,per_step_3_a1.0,V1,0,0.999926,-1.74342e-08,185.546,7.76839,356,69,0.0895992,,,,3.71256e-11,,,91.7496
11,C_failure,diagnostic,per_step_3_a1.0,V1,0,0.999924,-9.59182e-09,237.447,8.06876,474,75,0.101987,,,,1.05935e-10,,,104.434
11,C_contrastive,diagnostic,per_step_3_a1.0,V1,0.000496506,0.535371,-1.75908e-08,227.193,3.21701,350,2,0.0396626,,,,0.320554,,,40.6145
11,C_success,diagnostic,per_step_3_a1.0,V2,0,0.997536,-1.68335e-08,185.13,7.71317,355,68,0.0887867,,,,4.62129e-12,,,90.9176
11,C_failure,diagnostic,per_step_3_a1.0,V2,0,0.997126,-8.20767e-09,237.265,8.01667,474,74,0.101201,,,,1.48026e-11,,,103.63
11,C_contrastive,diagnostic,per_step_3_a1.0,V2,0.000444979,0.534656,-1.6817e-08,227.132,3.21903,350,2,0.0396946,,,,0.320409,,,40.6473
11,C_success,diagnostic,per_step_3_a1.0,V3,0,0.997536,-1.68335e-08,185.13,7.71317,355,68,0.0887867,,,,0,,,90.9176
11,C_failure,diagnostic,per_step_3_a1.0,V3,0,0.997126,-8.2079e-09,237.265,8.01667,474,74,0.101201,,,,0,,,103.63
11,C_contrastive,diagnostic,per_step_3_a1.0,V3,0.0255009,0.578713,-2.21761e-09,220.578,3.13462,343,2,0.0385798,,,,0.385583,,,39.5057
11,C_success,V1_vs_V0,per_step_3_a1.0,V1|V0,,,,,,,,,0.0895992,0.141275,0.46744,,0.406485,0.798026,
11,C_failure,V1_vs_V0,per_step_3_a1.0,V1|V0,,,,,,,,,0.101987,0.153112,0.442653,,0.40969,0.820065,
11,C_contrastive,V1_vs_V0,per_step_3_a1.0,V1|V0,,,,,,,,,0.0396626,0.0678979,0.601811,,0.713482,0.687027,
11,C_success,V2_vs_V1,per_step_3_a1.0,V2|V1,,,,,,,,,0.0887867,0.0895992,0.107098,,0.900415,0.968521,
11,C_failure,V2_vs_V1,per_step_3_a1.0,V2|V1,,,,,,,,,0.101201,0.101987,0.099646,,0.89954,0.968243,
11,C_contrastive,V2_vs_V1,per_step_3_a1.0,V2|V1,,,,,,,,,0.0396946,0.0396626,0.0804739,,0.992347,0.994697,
11,C_success,V3_vs_V2,per_step_3_a1.0,V3|V2,,,,,,,,,0.0887867,0.0887867,4.28159e-11,,1,1,
11,C_failure,V3_vs_V2,per_step_3_a1.0,V3|V2,,,,,,,,,0.101201,0.101201,1.4663e-11,,1,1,
11,C_contrastive,V3_vs_V2,per_step_3_a1.0,V3|V2,,,,,,,,,0.0385798,0.0396946,0.399482,,0.721297,0.877458,
11,C_success,V0_vs_V3,per_step_3_a1.0,V0|V3,,,,,,,,,0.141275,0.0887867,0.580044,,0.347011,0.791025,
11,C_failure,V0_vs_V3,per_step_3_a1.0,V0|V3,,,,,,,,,0.153112,0.101201,0.543657,,0.351888,0.813774,
11,C_contrastive,V0_vs_V3,per_step_3_a1.0,V0|V3,,,,,,,,,0.0678979,0.0385798,0.843587,,0.568084,0.62993,
11,C_success,diagnostic,per_step_4_a1.0,V0,0,0.999937,0.000709221,352.321,9.69166,714,112,0.148713,,,,4.57441e-11,,,152.282
11,C_failure,diagnostic,per_step_4_a1.0,V0,0,0.999936,0.00115259,391.962,9.96229,809,118,0.160919,,,,7.5566e-11,,,164.781
11,C_contrastive,diagnostic,per_step_4_a1.0,V0,0.000281018,0.522497,6.34547e-05,460.009,3.9988,673,1,0.0702282,,,,0.262586,,,71.9137
11,C_success,diagnostic,per_step_4_a1.0,V1,0,0.999936,-1.57884e-08,192.176,7.9116,362,73,0.093336,,,,3.29108e-11,,,95.5761
11,C_failure,diagnostic,per_step_4_a1.0,V1,0,0.999935,-9.28539e-09,246.063,8.22078,484,79,0.106307,,,,2.00685e-11,,,108.859
11,C_contrastive,diagnostic,per_step_4_a1.0,V1,0.000471621,0.531213,-1.56417e-08,232.837,3.32433,359,2,0.041761,,,,0.319534,,,42.7633
11,C_success,diagnostic,per_step_4_a1.0,V2,0,0.998125,-1.61762e-08,191.754,7.85791,361,72,0.0925297,,,,4.31929e-11,,,94.7504
11,C_failure,diagnostic,per_step_4_a1.0,V2,0,0.997771,-9.10568e-09,245.871,8.1701,484,78,0.105527,,,,4.15425e-11,,,108.06
11,C_contrastive,diagnostic,per_step_4_a1.0,V2,0.000420931,0.528945,-1.59311e-08,232.786,3.32617,359,2,0.0417913,,,,0.319288,,,42.7942
11,C_success,diagnostic,per_step_4_a1.0,V3,0,0.998125,-1.61763e-08,191.754,7.85791,361,72,0.0925297,,,,0,,,94.7504
11,C_failure,diagnostic,per_step_4_a1.0,V3,0,0.997771,-9.10556e-09,245.871,8.1701,484,78,0.105527,,,,0,,,108.06
11,C_contrastive,diagnostic,per_step_4_a1.0,V3,0.0171496,0.471088,-2.46934e-09,229.949,3.07826,353,0,0.0400852,,,,0.115587,,,41.0472
11,C_success,V1_vs_V0,per_step_4_a1.0,V1|V0,,,,,,,,,0.093336,0.148713,0.479618,,0.362363,0.772105,
11,C_failure,V1_vs_V0,per_step_4_a1.0,V1|V0,,,,,,,,,0.106307,0.160919,0.45282,,0.338491,0.784798,
11,C_contrastive,V1_vs_V0,per_step_4_a1.0,V1|V0,,,,,,,,,0.041761,0.0702282,0.5965,,0.623302,0.683384,
11,C_success,V2_vs_V1,per_step_4_a1.0,V2|V1,,,,,,,,,0.0925297,0.093336,0.104364,,0.900129,0.971074,
11,C_failure,V2_vs_V1,per_step_4_a1.0,V2|V1,,,,,,,,,0.105527,0.106307,0.0971439,,0.900475,0.972363,
11,C_contrastive,V2_vs_V1,per_step_4_a1.0,V2|V1,,,,,,,,,0.0417913,0.041761,0.0770299,,0.993526,0.991568,
11,C_success,V3_vs_V2,per_step_4_a1.0,V3|V2,,,,,,,,,0.0925297,0.0925297,3.0542e-11,,1,1,
11,C_failure,V3_vs_V2,per_step_4_a1.0,V3|V2,,,,,,,,,0.105527,0.105527,3.14625e-11,,1,1,
11,C_contrastive,V3_vs_V2,per_step_4_a1.0,V3|V2,,,,,,,,,0.0400852,0.0417913,0.312325,,0.791393,0.846982,
11,C_success,V0_vs_V3,per_step_4_a1.0,V0|V3,,,,,,,,,0.148713,0.0925297,0.601078,,0.309769,0.758131,
11,C_failure,V0_vs_V3,per_step_4_a1.0,V0|V3,,,,,,,,,0.160919,0.105527,0.561001,,0.310184,0.771839,
11,C_contrastive,V0_vs_V3,per_step_4_a1.0,V0|V3,,,,,,,,,0.0702282,0.0400852,0.820091,,0.537263,0.609726,
11,C_success,diagnostic,per_step_5_a1.0,V0,0,0.999942,0.000623633,348.255,9.76758,710,115,0.149164,,,,6.77485e-11,,,152.744
11,C_failure,diagnostic,per_step_5_a1.0,V0,0,0.999941,0.00106228,387.464,10.0359,803,120,0.161255,,,,6.20161e-11,,,165.125
11,C_contrastive,diagnostic,per_step_5_a1.0,V0,0.00038303,0.516692,5.83705e-05,460.006,3.91405,670,1,0.0686018,,,,0.26386,,,70.2482
11,C_success,diagnostic,per_step_5_a1.0,V1,0,0.999942,-1.54187e-08,190.109,7.89326,359,72,0.0926614,,,,2.17162e-11,,,94.8852
11,C_failure,diagnostic,per_step_5_a1.0,V1,0,0.999941,-9.72492e-09,242.308,8.20134,478,78,0.10532,,,,8.40255e-11,,,107.848
11,C_contrastive,diagnostic,per_step_5_a1.0,V1,0.000469987,0.522432,-1.52447e-08,232.059,3.26804,356,2,0.0409522,,,,0.322131,,,41.935
11,C_success,diagnostic,per_step_5_a1.0,V2,0,0.998354,-1.57903e-08,189.685,7.83985,358,72,0.0918605,,,,4.26561e-11,,,94.0651
11,C_failure,diagnostic,per_step_5_a1.0,V2,0,0.998008,-1.00298e-08,242.13,8.15052,478,78,0.104544,,,,1.01783e-11,,,107.053
11,C_contrastive,diagnostic,per_step_5_a1.0,V2,0.00114286,0.519486,-1.55222e-08,232.028,3.2697,356,2,0.0409806,,,,0.321762,,,41.9642
11,C_success,diagnostic,per_step_5_a1.0,V3,0,0.998354,-1.57903e-08,189.685,7.83985,358,72,0.0918605,,,,0,,,94.0651
11,C_failure,diagnostic,per_step_5_a1.0,V3,0,0.998008,-1.00297e-08,242.13,8.15052,478,78,0.104544,,,,0,,,107.053
11,C_contrastive,diagnostic,per_step_5_a1.0,V3,0.00136468,0.465931,-2.68005e-09,228.438,3.06275,351,0,0.0396552,,,,0.115594,,,40.6069
11,C_success,V1_vs_V0,per_step_5_a1.0,V1|V0,,,,,,,,,0.0926614,0.149164,0.492149,,0.363419,0.742876,
11,C_failure,V1_vs_V0,per_step_5_a1.0,V1|V0,,,,,,,,,0.10532,0.161255,0.46525,,0.3235,0.748773,
11,C_contrastive,V1_vs_V0,per_step_5_a1.0,V1|V0,,,,,,,,,0.0409522,0.0686018,0.597226,,0.723907,0.656059,
11,C_success,V2_vs_V1,per_step_5_a1.0,V2|V1,,,,,,,,,0.0918605,0.0926614,0.103896,,0.899621,0.967629,
11,C_failure,V2_vs_V1,per_step_5_a1.0,V2|V1,,,,,,,,,0.104544,0.10532,0.0969583,,0.901113,0.969326,
11,C_contrastive,V2_vs_V1,per_step_5_a1.0,V2|V1,,,,,,,,,0.0409806,0.0409522,0.0769096,,0.995165,0.97119,
11,C_success,V3_vs_V2,per_step_5_a1.0,V3|V2,,,,,,,,,0.0918605,0.0918605,3.10789e-11,,1,1,
11,C_failure,V3_vs_V2,per_step_5_a1.0,V3|V2,,,,,,,,,0.104544,0.104544,7.2248e-12,,1,1,
11,C_contrastive,V3_vs_V2,per_step_5_a1.0,V3|V2,,,,,,,,,0.0396552,0.0409806,0.294572,,0.837574,0.891526,
11,C_success,V0_vs_V3,per_step_5_a1.0,V0|V3,,,,,,,,,0.149164,0.0918605,0.622279,,0.302424,0.733575,
11,C_failure,V0_vs_V3,per_step_5_a1.0,V0|V3,,,,,,,,,0.161255,0.104544,0.581354,,0.294095,0.743345,
11,C_contrastive,V0_vs_V3,per_step_5_a1.0,V0|V3,,,,,,,,,0.0686018,0.0396552,0.80186,,0.603194,0.607134,
11,C_success,diagnostic,per_step_6_a1.0,V0,0,0.999949,0.000602536,346.073,9.86774,709,116,0.150512,,,,9.03427e-11,,,154.125
11,C_failure,diagnostic,per_step_6_a1.0,V0,0,0.999948,0.00105178,386.551,10.1568,805,122,0.163316,,,,7.28816e-11,,,167.235
11,C_contrastive,diagnostic,per_step_6_a1.0,V0,0.000366933,0.513375,5.1284e-05,460.669,3.85604,670,1,0.067497,,,,0.266271,,,69.1169
11,C_success,diagnostic,per_step_6_a1.0,V1,0,0.999949,-1.5865e-08,187.828,7.87459,355,71,0.0919104,,,,4.25045e-11,,,94.1163
11,C_failure,diagnostic,per_step_6_a1.0,V1,0,0.999948,-1.00706e-08,239.155,8.19901,472,79,0.104684,,,,1.80865e-10,,,107.197
11,C_contrastive,diagnostic,per_step_6_a1.0,V1,0.00061069,0.518016,-1.58747e-08,231.19,3.20521,351,1,0.0400086,,,,0.328529,,,40.9688
11,C_success,diagnostic,per_step_6_a1.0,V2,0,0.998549,-1.52998e-08,187.381,7.82142,355,70,0.0911097,,,,2.10494e-11,,,93.2963
11,C_failure,diagnostic,per_step_6_a1.0,V2,0,0.998209,-1.0452e-08,238.969,8.14819,472,78,0.103908,,,,1.26287e-12,,,106.402
11,C_contrastive,diagnostic,per_step_6_a1.0,V2,0.000927484,0.516261,-1.52095e-08,231.169,3.20654,352,1,0.0400304,,,,0.328084,,,40.9911
11,C_success,diagnostic,per_step_6_a1.0,V3,0,0.998549,-1.52999e-08,187.381,7.82142,355,70,0.0911097,,,,0,,,93.2963
11,C_failure,diagnostic,per_step_6_a1.0,V3,0,0.998209,-1.04514e-08,238.969,8.14819,472,78,0.103908,,,,0,,,106.402
11,C_contrastive,diagnostic,per_step_6_a1.0,V3,0.0135859,0.447603,-2.19533e-09,228.935,2.97197,348,0,0.0385014,,,,0.118927,,,39.4255
11,C_success,V1_vs_V0,per_step_6_a1.0,V1|V0,,,,,,,,,0.0919104,0.150512,0.505476,,0.399254,0.73491,
11,C_failure,V1_vs_V0,per_step_6_a1.0,V1|V0,,,,,,,,,0.104684,0.163316,0.478483,,0.305146,0.726898,
11,C_contrastive,V1_vs_V0,per_step_6_a1.0,V1|V0,,,,,,,,,0.0400086,0.067497,0.608013,,0.641691,0.636009,
11,C_success,V2_vs_V1,per_step_6_a1.0,V2|V1,,,,,,,,,0.0911097,0.0919104,0.104128,,0.899251,0.972097,
11,C_failure,V2_vs_V1,per_step_6_a1.0,V2|V1,,,,,,,,,0.103908,0.104684,0.0969813,,0.903828,0.968576,
11,C_contrastive,V2_vs_V1,per_step_6_a1.0,V2|V1,,,,,,,,,0.0400304,0.0400086,0.0800311,,0.994796,0.993474,
11,C_success,V3_vs_V2,per_step_6_a1.0,V3|V2,,,,,,,,,0.0911097,0.0911097,8.55437e-11,,1,1,
11,C_failure,V3_vs_V2,per_step_6_a1.0,V3|V2,,,,,,,,,0.103908,0.103908,4.74633e-11,,1,1,
11,C_contrastive,V3_vs_V2,per_step_6_a1.0,V3|V2,,,,,,,,,0.0385014,0.0400304,0.302487,,0.759101,0.874437,
11,C_success,V0_vs_V3,per_step_6_a1.0,V0|V3,,,,,,,,,0.150512,0.0911097,0.646536,,0.325237,0.723972,
11,C_failure,V0_vs_V3,per_step_6_a1.0,V0|V3,,,,,,,,,0.163316,0.103908,0.604575,,0.239537,0.72363,
11,C_contrastive,V0_vs_V3,per_step_6_a1.0,V0|V3,,,,,,,,,0.067497,0.0385014,0.825615,,0.527935,0.590421,
11,C_success,diagnostic,per_step_7_a1.0,V0,0,0.999954,0.000568813,340.125,9.90281,702,115,0.150054,,,,3.75554e-11,,,153.655
11,C_failure,diagnostic,per_step_7_a1.0,V0,0,0.999954,0.000917658,382.118,10.2155,799,123,0.163657,,,,7.90069e-11,,,167.585
11,C_contrastive,diagnostic,per_step_7_a1.0,V0,0.000266307,0.509992,4.61216e-05,455.632,3.779,662,1,0.0656978,,,,0.265742,,,67.2746
11,C_success,diagnostic,per_step_7_a1.0,V1,0,0.999954,-1.52225e-08,183.078,7.79465,349,71,0.0897323,,,,1.51649e-12,,,91.8859
11,C_failure,diagnostic,per_step_7_a1.0,V1,0,0.999953,-1.17551e-08,233.47,8.14097,462,78,0.102676,,,,8.89468e-11,,,105.141
11,C_contrastive,diagnostic,per_step_7_a1.0,V1,0.000289776,0.518472,-1.52979e-08,228.839,3.09447,344,1,0.0383115,,,,0.335949,,,39.231
11,C_success,diagnostic,per_step_7_a1.0,V2,0,0.998659,-1.62224e-08,182.648,7.74122,348,71,0.0889408,,,,2.39259e-11,,,91.0754
11,C_failure,diagnostic,per_step_7_a1.0,V2,0,0.998307,-1.00771e-08,233.276,8.09027,462,77,0.101905,,,,2.19567e-16,,,104.351
11,C_contrastive,diagnostic,per_step_7_a1.0,V2,0.000670206,0.516056,-1.63509e-08,228.857,3.09581,345,1,0.0383356,,,,0.335515,,,39.2556
11,C_success,diagnostic,per_step_7_a1.0,V3,0,0.998659,-1.62224e-08,182.648,7.74122,348,71,0.0889408,,,,0,,,91.0754
11,C_failure,diagnostic,per_step_7_a1.0,V3,0,0.998307,-1.00771e-08,233.276,8.09027,462,77,0.101905,,,,0,,,104.351
11,C_contrastive,diagnostic,per_step_7_a1.0,V3,0.0149279,0.443172,-2.18229e-09,227.46,2.86218,342,0,0.0368595,,,,0.107601,,,37.7441
11,C_success,V1_vs_V0,per_step_7_a1.0,V1|V0,,,,,,,,,0.0897323,0.150054,0.52065,,0.42642,0.724112,
11,C_failure,V1_vs_V0,per_step_7_a1.0,V1|V0,,,,,,,,,0.102676,0.163657,0.493165,,0.314724,0.71401,
11,C_contrastive,V1_vs_V0,per_step_7_a1.0,V1|V0,,,,,,,,,0.0383115,0.0656978,0.623124,,0.602377,0.602532,
11,C_success,V2_vs_V1,per_step_7_a1.0,V2|V1,,,,,,,,,0.0889408,0.0897323,0.103978,,0.902993,0.970314,
11,C_failure,V2_vs_V1,per_step_7_a1.0,V2|V1,,,,,,,,,0.101905,0.102676,0.0969889,,0.903668,0.968068,
11,C_contrastive,V2_vs_V1,per_step_7_a1.0,V2|V1,,,,,,,,,0.0383356,0.0383115,0.0839125,,0.991706,0.992962,
11,C_success,V3_vs_V2,per_step_7_a1.0,V3|V2,,,,,,,,,0.0889408,0.0889408,2.72328e-11,,1,1,
11,C_failure,V3_vs_V2,per_step_7_a1.0,V3|V2,,,,,,,,,0.101905,0.101905,4.06998e-11,,1,1,
11,C_contrastive,V3_vs_V2,per_step_7_a1.0,V3|V2,,,,,,,,,0.0368595,0.0383356,0.310736,,0.812238,0.884177,
11,C_success,V0_vs_V3,per_step_7_a1.0,V0|V3,,,,,,,,,0.150054,0.0889408,0.674469,,0.379472,0.715229,
11,C_failure,V0_vs_V3,per_step_7_a1.0,V0|V3,,,,,,,,,0.163657,0.101905,0.630527,,0.27017,0.711327,
11,C_contrastive,V0_vs_V3,per_step_7_a1.0,V0|V3,,,,,,,,,0.0656978,0.0368595,0.858596,,0.509811,0.549389,
11,C_success,diagnostic,per_step_8_a1.0,V0,0,0.999957,0.000471964,335.764,9.90762,689,115,0.149444,,,,1.35259e-10,,,153.03
11,C_failure,diagnostic,per_step_8_a1.0,V0,0,0.999957,0.000785329,378.834,10.2391,789,124,0.163665,,,,2.58636e-11,,,167.593
11,C_contrastive,diagnostic,per_step_8_a1.0,V0,0.000274605,0.506735,4.31407e-05,451.973,3.71557,651,1,0.0644182,,,,0.259132,,,65.9643
11,C_success,diagnostic,per_step_8_a1.0,V1,0,0.999957,-1.7005e-08,176.828,7.67176,341,70,0.0866704,,,,5.42181e-11,,,88.7504
11,C_failure,diagnostic,per_step_8_a1.0,V1,0,0.999957,-1.10859e-08,225.715,8.03743,450,77,0.0996263,,,,7.2496e-12,,,102.017
11,C_contrastive,diagnostic,per_step_8_a1.0,V1,0.000194828,0.521964,-1.69991e-08,225.933,2.95784,336,1,0.0362546,,,,0.346342,,,37.1247
11,C_success,diagnostic,per_step_8_a1.0,V2,0,0.998659,-1.62017e-08,176.446,7.61741,340,69,0.0858927,,,,4.32329e-11,,,87.9541
11,C_failure,diagnostic,per_step_8_a1.0,V2,0,0.998272,-1.06258e-08,225.534,7.98683,449,76,0.0988727,,,,8.24538e-11,,,101.246
11,C_contrastive,diagnostic,per_step_8_a1.0,V2,0.000209757,0.520345,-1.63035e-08,226.004,2.95954,336,1,0.0362906,,,,0.345971,,,37.1615
11,C_success,diagnostic,per_step_8_a1.0,V3,0,0.998659,-1.6201e-08,176.446,7.61741,340,69,0.0858927,,,,0,,,87.9541
11,C_failure,diagnostic,per_step_8_a1.0,V3,0,0.998272,-1.06251e-08,225.534,7.98683,449,76,0.0988727,,,,0,,,101.246
11,C_contrastive,diagnostic,per_step_8_a1.0,V3,0.0199913,0.433098,-2.02749e-09,225.55,2.7363,335,0,0.0349793,,,,0.107064,,,35.8188
11,C_success,V1_vs_V0,per_step_8_a1.0,V1|V0,,,,,,,,,0.0866704,0.149444,0.536736,,0.453518,0.698268,
11,C_failure,V1_vs_V0,per_step_8_a1.0,V1|V0,,,,,,,,,0.0996263,0.163665,0.508765,,0.399364,0.696206,
11,C_contrastive,V1_vs_V0,per_step_8_a1.0,V1|V0,,,,,,,,,0.0362546,0.0644182,0.643239,,0.571818,0.561294,
11,C_success,V2_vs_V1,per_step_8_a1.0,V2|V1,,,,,,,,,0.0858927,0.0866704,0.103805,,0.89502,0.967639,
11,C_failure,V2_vs_V1,per_step_8_a1.0,V2|V1,,,,,,,,,0.0988727,0.0996263,0.0960064,,0.907049,0.96638,
11,C_contrastive,V2_vs_V1,per_step_8_a1.0,V2|V1,,,,,,,,,0.0362906,0.0362546,0.086144,,0.99629,0.973151,
11,C_success,V3_vs_V2,per_step_8_a1.0,V3|V2,,,,,,,,,0.0858927,0.0858927,1.75717e-10,,1,1,
11,C_failure,V3_vs_V2,per_step_8_a1.0,V3|V2,,,,,,,,,0.0988727,0.0988727,5.83037e-11,,1,1,
11,C_contrastive,V3_vs_V2,per_step_8_a1.0,V3|V2,,,,,,,,,0.0349793,0.0362906,0.308637,,0.813574,0.884515,
11,C_success,V0_vs_V3,per_step_8_a1.0,V0|V3,,,,,,,,,0.149444,0.0858927,0.706132,,0.40261,0.692569,
11,C_failure,V0_vs_V3,per_step_8_a1.0,V0|V3,,,,,,,,,0.163665,0.0988727,0.659565,,0.340924,0.693689,
11,C_contrastive,V0_vs_V3,per_step_8_a1.0,V0|V3,,,,,,,,,0.0644182,0.0349793,0.903606,,0.46822,0.522336,
11,C_success,diagnostic,per_step_9_a1.0,V0,0,0.999959,0.000378598,335.312,9.90579,683,116,0.149469,,,,1.40354e-10,,,153.056
11,C_failure,diagnostic,per_step_9_a1.0,V0,0,0.999959,0.000706813,378.781,10.2446,782,126,0.16397,,,,7.21075e-11,,,167.905
11,C_contrastive,diagnostic,per_step_9_a1.0,V0,0.00016875,0.489457,4.06738e-05,455.236,3.66436,650,1,0.0639836,,,,0.245469,,,65.5192
11,C_success,diagnostic,per_step_9_a1.0,V1,0,0.999959,-1.63691e-08,168.564,7.52298,330,69,0.0829825,,,,1.96056e-10,,,84.9741
11,C_failure,diagnostic,per_step_9_a1.0,V1,0,0.999959,-9.86558e-09,214.884,7.89305,434,75,0.0955117,,,,3.34118e-12,,,97.804
11,C_contrastive,diagnostic,per_step_9_a1.0,V1,0.000209637,0.510665,-1.62346e-08,221.571,2.79471,326,1,0.0338248,,,,0.359082,,,34.6366
11,C_success,diagnostic,per_step_9_a1.0,V2,0,0.998538,-1.57318e-08,168.181,7.4657,330,68,0.0821789,,,,4.96228e-11,,,84.1512
11,C_failure,diagnostic,per_step_9_a1.0,V2,0,0.998081,-1.00099e-08,214.709,7.84052,434,74,0.0947507,,,,2.11615e-11,,,97.0247
11,C_contrastive,diagnostic,per_step_9_a1.0,V2,0.000335325,0.510812,-1.61906e-08,221.699,2.79629,326,1,0.0338645,,,,0.358795,,,34.6772
11,C_success,diagnostic,per_step_9_a1.0,V3,0,0.998538,-1.57319e-08,168.181,7.4657,330,68,0.0821789,,,,0,,,84.1512
11,C_failure,diagnostic,per_step_9_a1.0,V3,0,0.998081,-1.00099e-08,214.709,7.84052,434,74,0.0947507,,,,0,,,97.0247
11,C_contrastive,diagnostic,per_step_9_a1.0,V3,0.000138141,0.485762,-2.09152e-09,221.354,2.62013,325,0,0.0329438,,,,0.104829,,,33.7344
11,C_success,V1_vs_V0,per_step_9_a1.0,V1|V0,,,,,,,,,0.0829825,0.149469,0.551414,,0.506438,0.66221,
11,C_failure,V1_vs_V0,per_step_9_a1.0,V1|V0,,,,,,,,,0.0955117,0.16397,0.52451,,0.526528,0.668687,
11,C_contrastive,V1_vs_V0,per_step_9_a1.0,V1|V0,,,,,,,,,0.0338248,0.0639836,0.678733,,0.502286,0.49488,
11,C_success,V2_vs_V1,per_step_9_a1.0,V2|V1,,,,,,,,,0.0821789,0.0829825,0.109385,,0.91628,0.968566,
11,C_failure,V2_vs_V1,per_step_9_a1.0,V2|V1,,,,,,,,,0.0947507,0.0955117,0.0987311,,0.911135,0.968266,
11,C_contrastive,V2_vs_V1,per_step_9_a1.0,V2|V1,,,,,,,,,0.0338645,0.0338248,0.0870519,,0.997199,0.992436,
11,C_success,V3_vs_V2,per_step_9_a1.0,V3|V2,,,,,,,,,0.0821789,0.0821789,6.05208e-11,,1,1,
11,C_failure,V3_vs_V2,per_step_9_a1.0,V3|V2,,,,,,,,,0.0947507,0.0947507,4.45824e-11,,1,1,
11,C_contrastive,V3_vs_V2,per_step_9_a1.0,V3|V2,,,,,,,,,0.0329438,0.0338645,0.299168,,0.877148,0.905382,
11,C_success,V0_vs_V3,per_step_9_a1.0,V0|V3,,,,,,,,,0.149469,0.0821789,0.740105,,0.444015,0.654568,
11,C_failure,V0_vs_V3,per_step_9_a1.0,V0|V3,,,,,,,,,0.16397,0.0947507,0.692722,,0.448952,0.66585,
11,C_contrastive,V0_vs_V3,per_step_9_a1.0,V0|V3,,,,,,,,,0.0639836,0.0329438,0.969801,,0.463569,0.480346,
